slot,rxFreq,txFreq,rxQT,txQT,signallingGroup,pttId,txPower,scram,learnFHSS,bandWide,encrypt,busyLockout,scanAdd,enableTx,rxModulation,fhssCode,chName
1,446.00625,446.00625,OFF,OFF,0,0,2,0,0,1,0,0,1,1,0,,PMR446 1
2,446.01875,446.01875,OFF,OFF,0,0,2,0,0,1,0,0,1,1,0,,PMR446 2
3,446.03125,446.03125,OFF,OFF,0,0,2,0,0,1,0,0,1,1,0,,PMR446 3
4,446.04375,446.04375,OFF,OFF,0,0,2,0,0,1,0,0,1,1,0,,PMR446 4
5,446.05625,446.05625,OFF,OFF,0,0,2,0,0,1,0,0,1,1,0,,PMR446 5
6,446.06875,446.06875,OFF,OFF,0,0,2,0,0,1,0,0,1,1,0,,PMR446 6
7,446.08125,446.08125,OFF,OFF,0,0,2,0,0,1,0,0,1,1,0,,PMR446 7
8,446.09375,446.09375,OFF,OFF,0,0,2,0,0,1,0,0,1,1,0,,PMR446 8
9,446.10625,446.10625,OFF,OFF,0,0,2,0,0,1,0,0,1,1,0,,PMR446 9
10,446.11875,446.11875,OFF,OFF,0,0,2,0,0,1,0,0,1,1,0,,PMR446 10
11,446.13125,446.13125,OFF,OFF,0,0,2,0,0,1,0,0,1,1,0,,PMR446 11
12,446.14375,446.14375,OFF,OFF,0,0,2,0,0,1,0,0,1,1,0,,PMR446 12
13,446.15625,446.15625,OFF,OFF,0,0,2,0,0,1,0,0,1,1,0,,PMR446 13
14,446.16875,446.16875,OFF,OFF,0,0,2,0,0,1,0,0,1,1,0,,PMR446 14
15,446.18125,446.18125,OFF,OFF,0,0,2,0,0,1,0,0,1,1,0,,PMR446 15
16,446.19375,446.19375,OFF,OFF,0,0,2,0,0,1,0,0,1,1,0,,PMR446 16
