slot,rxFreq,txFreq,rxQT,txQT,signallingGroup,pttId,txPower,scram,learnFHSS,bandWide,encrypt,busyLockout,scanAdd,enableTx,rxModulation,fhssCode,chName
1,462.70000,467.70000,179.9,D306N,0,0,0,0,0,0,0,0,1,1,0,,MIAMI 700
2,462.62500,467.62500,179.9,D261N,0,0,0,0,0,0,0,0,1,1,0,,REDLAND 625
3,462.65000,462.65000,141.3,OFF,0,0,0,0,0,0,0,0,1,1,0,,CUTLER BAY 6
4,462.65000,467.65000,179.9,D125N,0,0,0,0,0,0,0,0,1,1,0,,GATOR 650
5,462.60000,467.60000,179.9,D351N,0,0,0,0,0,0,0,0,1,1,0,,FORT LARDERD
6,462.62500,467.62500,179.9,D152N,0,0,0,0,0,0,0,0,1,1,0,,MARTIN 625
7,462.57500,462.57500,179.9,D114N,0,0,0,0,0,0,0,0,1,1,0,,NAPLES 575
8,462.55000,467.55000,94.8,OFF,0,0,0,0,0,0,0,0,1,1,0,,OCEAN REEF 5
9,462.67500,462.67500,94.8,OFF,0,0,0,0,0,0,0,0,1,1,0,,TAVERNIER 67
10,462.65000,462.65000,94.8,OFF,0,0,0,0,0,0,0,0,1,1,0,,LAYTON KEY 6
11,462.57500,462.57500,94.8,OFF,0,0,0,0,0,0,0,0,1,1,0,,MARATHON 575
12,462.60000,462.60000,94.8,OFF,0,0,0,0,0,0,0,0,1,1,0,,CUDJOE KEY 6
13,462.72500,462.72500,94.8,OFF,0,0,0,0,0,0,0,0,1,1,0,,KEY WEST 725
14,,,OFF,OFF,0,0,0,0,0,0,0,0,1,1,0,,
15,462.56250,462.56250,OFF,141.3,0,0,0,0,0,0,0,0,1,1,0,,GMRS 1C
16,462.58750,462.58750,OFF,210.7,0,0,0,0,0,0,0,0,1,1,0,,GMRS 2S
17,462.61250,462.61250,OFF,141.3,0,0,0,0,0,0,0,0,1,1,0,,GMRS 3E
18,462.63750,462.63750,OFF,141.3,0,0,0,0,0,0,0,0,1,1,0,,GMRS 4
19,462.66250,462.66250,OFF,141.3,0,0,0,0,0,0,0,0,1,1,0,,GMRS 5
20,462.68750,462.68750,OFF,141.3,0,0,0,0,0,0,0,0,1,1,0,,GMRS 6
21,462.71250,462.71250,OFF,141.3,0,0,0,0,0,0,0,0,1,1,0,,GMRS 7
22,467.56250,467.56250,OFF,141.3,0,0,2,0,0,1,0,0,1,1,0,,GMRS 8
23,467.58750,467.58750,OFF,210.7,0,0,2,0,0,1,0,0,1,1,0,,GMRS 9S
24,467.61250,467.61250,OFF,141.3,0,0,2,0,0,1,0,0,1,1,0,,GMRS 10
25,467.63750,467.63750,OFF,141.3,0,0,2,0,0,1,0,0,1,1,0,,GMRS 11
26,467.66250,467.66250,OFF,141.3,0,0,2,0,0,1,0,0,1,1,0,,GMRS 12
27,467.68750,467.68750,OFF,141.3,0,0,2,0,0,1,0,0,1,1,0,,GMRS 13
28,467.71250,467.71250,OFF,141.3,0,0,2,0,0,1,0,0,1,1,0,,GMRS 14
29,462.55000,462.55000,OFF,141.3,0,0,0,0,0,0,0,0,0,1,0,,GMRS 15C
30,462.57500,462.57500,OFF,210.7,0,0,0,0,0,0,0,0,0,1,0,,GMRS 16S
31,462.60000,462.60000,OFF,141.3,0,0,0,0,0,0,0,0,0,1,0,,GMRS 17E
32,462.62500,462.62500,OFF,141.3,0,0,0,0,0,0,0,0,0,1,0,,GMRS 18
33,462.65000,462.65000,OFF,141.3,0,0,0,0,0,0,0,0,0,1,0,,GMRS 19
34,462.67500,462.67500,OFF,141.3,0,0,0,0,0,0,0,0,0,1,0,,GMRS 20T
35,462.70000,462.70000,OFF,141.3,0,0,0,0,0,0,0,0,0,1,0,,GMRS 21
36,462.72500,462.72500,OFF,141.3,0,0,0,0,0,0,0,0,0,1,0,,GMRS 22
37,462.55000,467.55000,OFF,141.3,0,0,0,0,0,0,0,0,1,1,0,,GMRSr15
38,462.57500,467.57500,OFF,141.3,0,0,0,0,0,0,0,0,1,1,0,,GMRSr16S
39,462.60000,467.60000,OFF,141.3,0,0,0,0,0,0,0,0,1,1,0,,GMRSr17
40,462.62500,467.62500,OFF,141.3,0,0,0,0,0,0,0,0,1,1,0,,GMRSr18
41,462.65000,467.65000,OFF,141.3,0,0,0,0,0,0,0,0,1,1,0,,GMRSr19
42,462.67500,467.67500,OFF,141.3,0,0,0,0,0,0,0,0,1,1,0,,GMRSr20T
43,462.70000,467.70000,OFF,141.3,0,0,0,0,0,0,0,0,1,1,0,,GMRSr21
44,462.72500,467.72500,OFF,141.3,0,0,0,0,0,0,0,0,1,1,0,,GMRSr22
45,,,OFF,OFF,0,0,0,0,0,0,0,0,1,1,0,,
46,,,OFF,OFF,0,0,0,0,0,0,0,0,1,1,0,,
47,,,OFF,OFF,0,0,0,0,0,0,0,0,1,1,0,,
48,146.52000,,OFF,OFF,0,0,2,0,0,0,0,0,0,1,0,,GMRS--B
49,462.55000,467.55000,OFF,141.3,0,0,0,0,0,0,0,0,0,1,0,,GMB r15
50,462.57500,467.57500,OFF,141.3,0,0,0,0,0,0,0,0,0,1,0,,GMB r16
51,462.60000,467.60000,OFF,141.3,0,0,0,0,0,0,0,0,0,1,0,,GMB r17
52,462.62500,467.62500,OFF,141.3,0,0,0,0,0,0,0,0,0,1,0,,GMB r18
53,462.65000,467.65000,OFF,141.3,0,0,0,0,0,0,0,0,0,1,0,,GMB r19
54,462.67500,467.67500,OFF,141.3,0,0,0,0,0,0,0,0,0,1,0,,GMB r20T
55,462.70000,467.70000,OFF,141.3,0,0,0,0,0,0,0,0,0,1,0,,GMB r21
56,462.72500,467.72500,OFF,141.3,0,0,0,0,0,0,0,0,0,1,0,,GMB r22
57,,,OFF,OFF,0,0,0,0,0,0,0,0,1,1,0,,
58,146.52000,,OFF,OFF,0,0,2,0,0,0,0,0,0,1,0,,GMRS--C
59,462.55000,467.55000,OFF,141.3,0,0,0,0,0,0,0,0,0,1,0,,GMC r15
60,462.57500,467.57500,OFF,141.3,0,0,0,0,0,0,0,0,0,1,0,,GMC r16
61,462.60000,467.60000,OFF,141.3,0,0,0,0,0,0,0,0,0,1,0,,GMC r17
62,462.62500,467.62500,OFF,141.3,0,0,0,0,0,0,0,0,0,1,0,,GMC r18
63,462.65000,467.65000,OFF,141.3,0,0,0,0,0,0,0,0,0,1,0,,GMC r19
64,462.67500,467.67500,OFF,141.3,0,0,0,0,0,0,0,0,0,1,0,,GMC r20T
65,462.70000,467.70000,OFF,141.3,0,0,0,0,0,0,0,0,0,1,0,,GMC r21
66,462.72500,467.72500,OFF,141.3,0,0,0,0,0,0,0,0,0,1,0,,GMC r22
67,,,OFF,OFF,0,0,0,0,0,0,0,0,1,1,0,,
68,146.52000,,OFF,OFF,0,0,2,0,0,0,0,0,0,1,0,,GMRS--D
69,462.55000,467.55000,OFF,141.3,0,0,0,0,0,0,0,0,0,1,0,,GMD r15
70,462.57500,467.57500,OFF,141.3,0,0,0,0,0,0,0,0,0,1,0,,GMD r16
71,462.60000,467.60000,OFF,141.3,0,0,0,0,0,0,0,0,0,1,0,,GMD r17
72,462.62500,467.62500,OFF,141.3,0,0,0,0,0,0,0,0,0,1,0,,GMD r18
73,462.65000,467.65000,OFF,141.3,0,0,0,0,0,0,0,0,0,1,0,,GMD r19
74,462.67500,467.67500,OFF,141.3,0,0,0,0,0,0,0,0,0,1,0,,GMD r20T
75,462.70000,467.70000,OFF,141.3,0,0,0,0,0,0,0,0,0,1,0,,GMD r21
76,462.72500,467.72500,OFF,141.3,0,0,0,0,0,0,0,0,0,1,0,,GMD r22
77,,,OFF,OFF,0,0,0,0,0,0,0,0,1,1,0,,
78,146.52000,,OFF,OFF,0,0,2,0,0,0,0,0,0,1,0,,GFRS-P
79,462.56250,462.56250,141.3,OFF,0,0,0,0,0,1,0,0,0,1,0,,GF 1C P
80,462.58750,462.58750,210.7,OFF,0,0,0,0,0,1,0,0,0,1,0,,GF 2S P
81,462.61250,462.61250,141.3,OFF,0,0,0,0,0,1,0,0,0,1,0,,GF 3E P
82,462.63750,462.63750,OFF,D065N,0,0,0,0,0,1,0,0,0,1,0,,GF 4 P
83,462.66250,462.66250,OFF,D125N,0,0,0,0,0,1,0,0,0,1,0,,GF 5 P
84,462.68750,462.68750,OFF,D265N,0,0,0,0,0,1,0,0,0,1,0,,GF 6 P
85,462.71250,462.71250,OFF,D325N,0,0,0,0,0,1,0,0,0,1,0,,GF 7 P
86,467.56250,467.56250,141.3,OFF,0,0,2,0,0,1,0,0,0,1,0,,GF 8 P
87,467.58750,467.58750,210.7,OFF,0,0,2,0,0,1,0,0,0,1,0,,GF 9S P
88,467.61250,467.61250,OFF,D365N,0,0,2,0,0,1,0,0,0,1,0,,GF 10 P
89,467.63750,467.63750,OFF,D465N,0,0,2,0,0,1,0,0,0,1,0,,GF 11 P
90,467.66250,467.66250,141.3,OFF,0,0,2,0,0,1,0,0,0,1,0,,GF 12 P
91,467.68750,467.68750,141.3,OFF,0,0,2,0,0,1,0,0,0,1,0,,GF 13 P
92,467.71250,467.71250,141.3,OFF,0,0,2,0,0,1,0,0,0,1,0,,GF 14 P
93,462.55000,462.55000,141.3,OFF,0,0,0,0,0,1,0,0,0,1,0,,GF 15C P
94,462.57500,462.57500,210.7,OFF,0,0,0,0,0,1,0,0,0,1,0,,GF 16S P
95,462.60000,462.60000,141.3,OFF,0,0,0,0,0,1,0,0,0,1,0,,GF 17E P
96,462.62500,462.62500,OFF,D466N,0,0,0,0,0,1,0,0,0,1,0,,GF 18 P
97,462.65000,462.65000,OFF,D506N,0,0,0,0,0,1,0,0,0,1,0,,GF 19 P
98,462.67500,462.67500,141.3,OFF,0,0,0,0,0,1,0,0,0,1,0,,GF 20T P
99,462.70000,462.70000,OFF,D516N,0,0,0,0,0,1,0,0,0,1,0,,GF 21 P
100,462.72500,462.72500,OFF,D526N,0,0,0,0,0,1,0,0,0,1,0,,GF 22 P
101,,,OFF,OFF,0,0,0,0,0,0,0,0,1,1,0,,
102,,,OFF,OFF,0,0,0,0,0,0,0,0,1,1,0,,
103,,,OFF,OFF,0,0,0,0,0,0,0,0,1,1,0,,
104,,,OFF,OFF,0,0,0,0,0,0,0,0,1,1,0,,
105,151.82000,,OFF,141.3,0,0,0,0,0,1,0,0,1,1,0,,MURS 1 C
106,151.88000,,OFF,210.7,0,0,0,0,0,1,0,0,1,1,0,,MURS 2 S
107,151.94000,,OFF,141.3,0,0,0,0,0,1,0,0,1,1,0,,MURS 3 E
108,154.57000,,OFF,141.3,0,0,0,0,0,0,0,0,1,1,0,,MURS 4 B
109,154.60000,,OFF,141.3,0,0,0,0,0,0,0,0,1,1,0,,MURS 5 G
110,,,OFF,OFF,0,0,0,0,0,0,0,0,1,1,0,,
111,,,OFF,OFF,0,0,0,0,0,0,0,0,1,1,0,,
112,,,OFF,OFF,0,0,0,0,0,0,0,0,1,1,0,,
113,,,OFF,OFF,0,0,0,0,0,0,0,0,1,1,0,,
114,,,OFF,OFF,0,0,0,0,0,0,0,0,1,1,0,,
115,156.05000,,OFF,OFF,0,0,0,0,0,0,0,0,1,1,0,,MMS 01A
116,,,OFF,OFF,0,0,0,0,0,0,0,0,1,1,0,,
117,156.15000,,OFF,OFF,0,0,0,0,0,0,0,0,1,1,0,,MMS 03 X
118,,,OFF,OFF,0,0,0,0,0,0,0,0,1,1,0,,
119,156.25000,,OFF,OFF,0,0,0,0,0,0,0,0,1,1,0,,MMS 05A
120,156.30000,,OFF,OFF,0,0,0,0,0,0,0,0,1,1,0,,MMS 06
121,156.35000,,OFF,OFF,0,0,0,0,0,0,0,0,1,1,0,,MMS 07A
122,156.40000,,OFF,OFF,0,0,0,0,0,0,0,0,1,1,0,,MMS 08
123,156.45000,,OFF,OFF,0,0,0,0,0,0,0,0,1,1,0,,MMS 09
124,156.50000,,OFF,OFF,0,0,0,0,0,0,0,0,1,1,0,,MMS 10
125,156.55000,,OFF,OFF,0,0,0,0,0,0,0,0,1,1,0,,MMS 11
126,156.60000,,OFF,OFF,0,0,0,0,0,0,0,0,1,1,0,,MMS 12
127,156.65000,,OFF,OFF,0,0,2,0,0,0,0,0,1,1,0,,MMS 13
128,156.70000,,OFF,OFF,0,0,0,0,0,0,0,0,1,1,0,,MMS 14
129,156.75000,,OFF,OFF,0,0,0,0,0,0,0,0,1,1,0,,MMS 15WX
130,156.80000,,OFF,OFF,0,0,0,0,0,0,0,0,1,1,0,,MMS 16EM
131,156.85000,,OFF,OFF,0,0,0,0,0,0,0,0,1,1,0,,MMS 17
132,156.90000,,OFF,OFF,0,0,0,0,0,0,0,0,1,1,0,,MMS 18A
133,161.55000,,OFF,OFF,0,0,0,0,0,0,0,0,1,1,0,,MMS 19A
134,157.00000,,OFF,OFF,0,0,0,0,0,0,0,0,1,1,0,,MMS 20 r
135,157.05000,,OFF,OFF,0,0,0,0,0,0,0,0,1,1,0,,MMS 21A
136,157.10000,,OFF,OFF,0,0,0,0,0,0,0,0,1,1,0,,MMS 22A
137,157.15000,,OFF,OFF,0,0,0,0,0,0,0,0,1,1,0,,MMS 23A
138,157.20000,,OFF,OFF,0,0,0,0,0,0,0,0,1,1,0,,MMS 24 r
139,157.25000,,OFF,OFF,0,0,0,0,0,0,0,0,1,1,0,,MMS 25 r
140,157.30000,,OFF,OFF,0,0,0,0,0,0,0,0,1,1,0,,MMS 26 r
141,157.35000,,OFF,OFF,0,0,0,0,0,0,0,0,1,1,0,,MMS 27 r
142,157.40000,,OFF,OFF,0,0,0,0,0,0,0,0,1,1,0,,MMS 28 r
143,,,OFF,OFF,0,0,0,0,0,0,0,0,1,1,0,,
144,,,OFF,OFF,0,0,0,0,0,0,0,0,1,1,0,,
145,457.52500,,OFF,OFF,0,0,2,0,0,1,0,0,1,1,0,,MMS RPT1
146,457.55000,,OFF,OFF,0,0,2,0,0,1,0,0,1,1,0,,MMS RPT2
147,457.57500,,OFF,OFF,0,0,2,0,0,1,0,0,1,1,0,,MMS RPT3
148,457.60000,,OFF,OFF,0,0,2,0,0,1,0,0,1,1,0,,MMS RPT4
149,,,OFF,OFF,0,0,0,0,0,0,0,0,1,1,0,,
150,,,OFF,OFF,0,0,0,0,0,0,0,0,1,1,0,,
151,,,OFF,OFF,0,0,0,0,0,0,0,0,1,1,0,,
152,,,OFF,OFF,0,0,0,0,0,0,0,0,1,1,0,,
153,,,OFF,OFF,0,0,0,0,0,0,0,0,1,1,0,,
154,157.00000,,OFF,OFF,0,0,0,0,0,0,0,0,1,1,0,,MMS 20A
155,,,OFF,OFF,0,0,0,0,0,0,0,0,1,1,0,,
156,,,OFF,OFF,0,0,0,0,0,0,0,0,1,1,0,,
157,,,OFF,OFF,0,0,0,0,0,0,0,0,1,1,0,,
158,,,OFF,OFF,0,0,0,0,0,0,0,0,1,1,0,,
159,,,OFF,OFF,0,0,0,0,0,0,0,0,1,1,0,,
160,,,OFF,OFF,0,0,0,0,0,0,0,0,1,1,0,,
161,,,OFF,OFF,0,0,0,0,0,0,0,0,1,1,0,,
162,,,OFF,OFF,0,0,0,0,0,0,0,0,1,1,0,,
163,,,OFF,OFF,0,0,0,0,0,0,0,0,1,1,0,,
164,,,OFF,OFF,0,0,0,0,0,0,0,0,1,1,0,,
165,142.82500,,OFF,OFF,0,0,2,0,0,1,0,0,1,1,0,,USCG T2
166,143.47500,,OFF,OFF,0,0,2,0,0,1,0,0,1,1,0,,USCG Y3
167,138.47500,,OFF,OFF,0,0,0,0,0,0,0,0,1,1,0,,USCGSAR1
168,149.20000,,OFF,OFF,0,0,0,0,0,0,0,0,1,1,0,,USCGSAR2
169,150.70000,,OFF,OFF,0,0,2,0,0,1,0,0,1,1,0,,USCG A r
170,,,OFF,OFF,0,0,0,0,0,0,0,0,1,1,0,,
171,,,OFF,OFF,0,0,0,0,0,0,0,0,1,1,0,,
172,,,OFF,OFF,0,0,0,0,0,0,0,0,1,1,0,,
173,,,OFF,OFF,0,0,0,0,0,0,0,0,1,1,0,,
174,,,OFF,OFF,0,0,0,0,0,0,0,0,1,1,0,,
175,156.07500,,OFF,OFF,0,0,2,0,0,0,0,0,1,1,0,,MMS 61AX
176,,,OFF,OFF,0,0,0,0,0,0,0,0,1,1,0,,
177,156.17500,,OFF,OFF,0,0,0,0,0,0,0,0,1,1,0,,MMS 63A
178,156.22500,,OFF,OFF,0,0,2,0,0,0,0,0,1,1,0,,MMS 64AX
179,156.27500,,OFF,OFF,0,0,0,0,0,0,0,0,1,1,0,,MMS 65A
180,156.32500,,OFF,OFF,0,0,0,0,0,0,0,0,1,1,0,,MMS 66A
181,156.37500,,OFF,OFF,0,0,0,0,0,0,0,0,1,1,0,,MMS 67
182,156.42500,,OFF,OFF,0,0,0,0,0,0,0,0,1,1,0,,MMS 68
183,156.47500,,OFF,OFF,0,0,0,0,0,0,0,0,1,1,0,,MMS 69
184,,,OFF,OFF,0,0,0,0,0,0,0,0,1,1,0,,
185,156.57500,,OFF,OFF,0,0,0,0,0,0,0,0,1,1,0,,MMS 71
186,156.62500,,OFF,OFF,0,0,0,0,0,0,0,0,1,1,0,,MMS 72P
187,156.67500,,OFF,OFF,0,0,0,0,0,0,0,0,1,1,0,,MMS 73
188,156.72500,,OFF,OFF,0,0,0,0,0,0,0,0,1,1,0,,MMS 74
189,,,OFF,OFF,0,0,0,0,0,0,0,0,1,1,0,,
190,,,OFF,OFF,0,0,0,0,0,0,0,0,1,1,0,,
191,156.87500,,OFF,OFF,0,0,0,0,0,0,0,0,1,1,0,,MMS 77
192,156.92500,,OFF,OFF,0,0,0,0,0,0,0,0,1,1,0,,MMS 78A
193,156.97500,,OFF,OFF,0,0,0,0,0,0,0,0,1,1,0,,MMS 79A
194,157.02500,,OFF,OFF,0,0,0,0,0,0,0,0,1,1,0,,MMS 80A
195,157.07500,,OFF,OFF,0,0,0,0,0,0,0,0,1,1,0,,MMS 81A
196,157.12500,,OFF,OFF,0,0,0,0,0,0,0,0,1,1,0,,MMS 82A
197,157.17500,,OFF,OFF,0,0,0,0,0,0,0,0,1,1,0,,MMS 83A
198,157.22500,,OFF,OFF,0,0,0,0,0,0,0,0,1,1,0,,MMS 84 r
199,157.27500,,OFF,OFF,0,0,0,0,0,0,0,0,1,1,0,,MMS 85 r
200,157.32500,,OFF,OFF,0,0,0,0,0,0,0,0,1,1,0,,MMS 86 r
201,157.37500,,OFF,OFF,0,0,0,0,0,0,0,0,1,1,0,,MMS 87
202,157.42500,,OFF,OFF,0,0,0,0,0,0,0,0,1,1,0,,MMS 88A
203,,,OFF,OFF,0,0,0,0,0,0,0,0,1,1,0,,
204,,,OFF,OFF,0,0,0,0,0,0,0,0,1,1,0,,
205,,,OFF,OFF,0,0,0,0,0,0,0,0,1,1,0,,
206,,,OFF,OFF,0,0,0,0,0,0,0,0,1,1,0,,
207,,,OFF,OFF,0,0,0,0,0,0,0,0,1,1,0,,
208,,,OFF,OFF,0,0,0,0,0,0,0,0,1,1,0,,
209,,,OFF,OFF,0,0,0,0,0,0,0,0,1,1,0,,
210,,,OFF,OFF,0,0,0,0,0,0,0,0,1,1,0,,
211,,,OFF,OFF,0,0,0,0,0,0,0,0,1,1,0,,
212,,,OFF,OFF,0,0,0,0,0,0,0,0,1,1,0,,
213,,,OFF,OFF,0,0,0,0,0,0,0,0,1,1,0,,
214,,,OFF,OFF,0,0,0,0,0,0,0,0,1,1,0,,
215,146.52000,,OFF,100.0,0,0,0,0,0,0,0,0,1,1,0,,2m CALL
216,446.00000,,OFF,100.0,0,0,0,0,0,0,0,0,1,1,0,,70cmCALL
217,223.50000,,OFF,100.0,0,0,2,0,0,0,0,0,1,1,0,,220 CALL
218,902.50000,,OFF,100.0,0,0,2,0,0,0,0,0,1,1,0,,H3 2.50
219,906.50000,,OFF,100.0,0,0,2,0,0,0,0,0,1,1,0,,H3 6.50
220,927.50000,,OFF,100.0,0,0,2,0,0,0,0,0,1,1,0,,H3 7.50
221,,,OFF,OFF,0,0,0,0,0,0,0,0,1,1,0,,
222,,,OFF,OFF,0,0,0,0,0,0,0,0,1,1,0,,
223,,,OFF,OFF,0,0,0,0,0,0,0,0,1,1,0,,
224,,,OFF,OFF,0,0,0,0,0,0,0,0,1,1,0,,
225,145.51000,,OFF,100.0,0,0,0,0,0,0,0,0,1,1,0,,H2 S5.51
226,145.52500,,OFF,100.0,0,0,0,0,0,0,0,0,1,1,0,,H2 S5.52
227,145.54000,,OFF,100.0,0,0,0,0,0,0,0,0,1,1,0,,H2 S5.54
228,145.55500,,OFF,100.0,0,0,0,0,0,0,0,0,1,1,0,,H2 S5.55
229,145.57000,,OFF,100.0,0,0,0,0,0,0,0,0,1,1,0,,H2 S5.57
230,145.58500,,OFF,100.0,0,0,0,0,0,0,0,0,1,1,0,,H2 S5.58
231,145.60000,,OFF,100.0,0,0,0,0,0,0,0,0,1,1,0,,H2 S5.60
232,145.61500,,OFF,100.0,0,0,0,0,0,0,0,0,1,1,0,,H2 S5.61
233,146.41500,,OFF,100.0,0,0,0,0,0,0,0,0,1,1,0,,H2 S6.41
234,146.42000,,OFF,100.0,0,0,0,0,0,0,0,0,1,1,0,,H2 P6.42
235,146.43000,,OFF,100.0,0,0,0,0,0,0,0,0,1,1,0,,H2 S6.43
236,146.44500,,OFF,100.0,0,0,0,0,0,0,0,0,1,1,0,,H2 S6.44
237,146.46000,,OFF,100.0,0,0,0,0,0,0,0,0,1,1,0,,H2 S6.46
238,146.47500,,OFF,100.0,0,0,0,0,0,0,0,0,1,1,0,,H2 S6.47
239,146.49000,,OFF,100.0,0,0,0,0,0,0,0,0,1,1,0,,H2 S6.49
240,146.50500,,OFF,100.0,0,0,0,0,0,0,0,0,1,1,0,,H2 S6.50
241,146.53500,,OFF,100.0,0,0,0,0,0,0,0,0,1,1,0,,H2 S6.53
242,146.55000,,OFF,151.4,0,0,0,0,0,0,0,0,1,1,0,,H2 W6.55
243,146.56500,,OFF,151.4,0,0,0,0,0,0,0,0,1,1,0,,H2 T6.56
244,146.58000,,OFF,100.0,0,0,0,0,0,0,0,0,1,1,0,,H2 S6.58
245,146.59500,,OFF,100.0,0,0,0,0,0,0,0,0,1,1,0,,H2 S6.59
246,147.40500,,OFF,100.0,0,0,0,0,0,0,0,0,1,1,0,,H2 S7.40
247,147.42000,,OFF,100.0,0,0,0,0,0,0,0,0,1,1,0,,H2 S7.42
248,147.43500,,OFF,100.0,0,0,0,0,0,0,0,0,1,1,0,,H2 S7.43
249,147.45000,,OFF,100.0,0,0,0,0,0,0,0,0,1,1,0,,H2 S7.34
250,147.46500,,OFF,100.0,0,0,0,0,0,0,0,0,1,1,0,,H2 S7.46
251,147.48000,,OFF,100.0,0,0,0,0,0,0,0,0,1,1,0,,H2 S7.48
252,147.49500,,OFF,100.0,0,0,0,0,0,0,0,0,1,1,0,,H2 S7.49
253,147.51000,,OFF,100.0,0,0,0,0,0,0,0,0,1,1,0,,H2 S7.51
254,147.52500,,OFF,100.0,0,0,0,0,0,0,0,0,1,1,0,,H2 S7.52
255,147.54000,,OFF,100.0,0,0,0,0,0,0,0,0,1,1,0,,H2 S7.54
256,147.55500,,OFF,100.0,0,0,0,0,0,0,0,0,1,1,0,,H2 S7.55
257,147.57000,,OFF,100.0,0,0,0,0,0,0,0,0,1,1,0,,H2 S7.57
258,147.58500,,OFF,100.0,0,0,0,0,0,0,0,0,1,1,0,,H2 S7.58
259,146.40000,,OFF,100.0,0,0,0,0,0,0,0,0,1,1,0,,H2 P6.40
260,146.59500,,OFF,100.0,0,0,0,0,0,0,0,0,1,1,0,,H2 P6.59
261,146.61000,,OFF,100.0,0,0,0,0,0,0,0,0,1,1,0,,H2 P6.61
262,,,OFF,OFF,0,0,0,0,0,0,0,0,1,1,0,,
263,,,OFF,OFF,0,0,0,0,0,0,0,0,1,1,0,,
264,,,OFF,OFF,0,0,0,0,0,0,0,0,1,1,0,,
265,441.10000,,OFF,OFF,0,0,0,0,0,0,0,0,1,1,0,,H4 S1.10
266,446.03000,,OFF,100.0,0,0,0,0,0,0,0,0,1,1,0,,H4 P6.03
267,446.10000,,OFF,OFF,0,0,0,0,0,0,0,0,1,1,0,,H4 S6.10
268,446.50000,,OFF,100.0,0,0,0,0,0,0,0,0,1,1,0,,H4 S6.50
269,446.52000,,OFF,100.0,0,0,0,0,0,0,0,0,1,1,0,,H4 S6.52
270,447.00000,,OFF,100.0,0,0,0,0,0,0,0,0,1,1,0,,H4 S7.00
271,,,OFF,OFF,0,0,0,0,0,0,0,0,1,1,0,,
272,927.50000,,OFF,100.0,0,0,2,0,0,0,0,0,1,1,0,,H3 C7.50
273,906.50000,,OFF,100.0,0,0,2,0,0,0,0,0,1,1,0,,H3 C6.50
274,,,OFF,OFF,0,0,0,0,0,0,0,0,1,1,0,,
275,145.80000,,OFF,OFF,0,0,0,0,0,0,0,0,1,1,0,,ISS Dx
276,145.82500,,OFF,OFF,0,0,0,0,0,0,0,0,0,1,0,,ISS V Pk
277,437.55000,,OFF,OFF,0,0,0,0,0,0,0,0,0,1,0,,ISS U Pk
278,143.62500,,OFF,OFF,0,0,2,0,0,0,0,0,1,1,0,,RUS MIR
279,150.00000,,OFF,OFF,0,0,2,0,0,0,0,0,1,1,0,,RUS SAT
280,121.75000,,OFF,OFF,0,0,2,0,0,0,0,0,1,1,1,,RUS Cos
281,,,OFF,OFF,0,0,0,0,0,0,0,0,1,1,0,,
282,,,OFF,OFF,0,0,0,0,0,0,0,0,1,1,0,,
283,144.39000,,OFF,OFF,0,0,2,0,0,0,0,0,0,1,0,,APRS
284,,,OFF,OFF,0,0,0,0,0,0,0,0,1,1,0,,
285,,,OFF,OFF,0,0,0,0,0,0,0,0,1,1,0,,
286,,,OFF,OFF,0,0,0,0,0,0,0,0,1,1,0,,
287,,,OFF,OFF,0,0,0,0,0,0,0,0,1,1,0,,
288,,,OFF,OFF,0,0,0,0,0,0,0,0,1,1,0,,
289,,,OFF,OFF,0,0,0,0,0,0,0,0,1,1,0,,
290,,,OFF,OFF,0,0,0,0,0,0,0,0,1,1,0,,
291,,,OFF,OFF,0,0,0,0,0,0,0,0,1,1,0,,
292,,,OFF,OFF,0,0,0,0,0,0,0,0,1,1,0,,
293,,,OFF,OFF,0,0,0,0,0,0,0,0,1,1,0,,
294,,,OFF,OFF,0,0,0,0,0,0,0,0,1,1,0,,
295,,,OFF,OFF,0,0,0,0,0,0,0,0,1,1,0,,
296,,,OFF,OFF,0,0,0,0,0,0,0,0,1,1,0,,
297,,,OFF,OFF,0,0,0,0,0,0,0,0,1,1,0,,
298,,,OFF,OFF,0,0,0,0,0,0,0,0,1,1,0,,
299,,,OFF,OFF,0,0,0,0,0,0,0,0,1,1,0,,
300,,,OFF,OFF,0,0,0,0,0,0,0,0,1,1,0,,
301,,,OFF,OFF,0,0,0,0,0,0,0,0,1,1,0,,
302,,,OFF,OFF,0,0,0,0,0,0,0,0,1,1,0,,
303,,,OFF,OFF,0,0,0,0,0,0,0,0,1,1,0,,
304,,,OFF,OFF,0,0,0,0,0,0,0,0,1,1,0,,
305,,,OFF,OFF,0,0,0,0,0,0,0,0,1,1,0,,
306,,,OFF,OFF,0,0,0,0,0,0,0,0,1,1,0,,
307,,,OFF,OFF,0,0,0,0,0,0,0,0,1,1,0,,
308,,,OFF,OFF,0,0,0,0,0,0,0,0,1,1,0,,
309,,,OFF,OFF,0,0,0,0,0,0,0,0,1,1,0,,
310,,,OFF,OFF,0,0,0,0,0,0,0,0,1,1,0,,
311,,,OFF,OFF,0,0,0,0,0,0,0,0,1,1,0,,
312,,,OFF,OFF,0,0,0,0,0,0,0,0,1,1,0,,
313,,,OFF,OFF,0,0,0,0,0,0,0,0,1,1,0,,
314,,,OFF,OFF,0,0,0,0,0,0,0,0,1,1,0,,
315,,,OFF,OFF,0,0,0,0,0,0,0,0,1,1,0,,
316,,,OFF,OFF,0,0,0,0,0,0,0,0,1,1,0,,
317,,,OFF,OFF,0,0,0,0,0,0,0,0,1,1,0,,
318,,,OFF,OFF,0,0,0,0,0,0,0,0,1,1,0,,
319,,,OFF,OFF,0,0,0,0,0,0,0,0,1,1,0,,
320,,,OFF,OFF,0,0,0,0,0,0,0,0,1,1,0,,
321,,,OFF,OFF,0,0,0,0,0,0,0,0,1,1,0,,
322,,,OFF,OFF,0,0,0,0,0,0,0,0,1,1,0,,
323,,,OFF,OFF,0,0,0,0,0,0,0,0,1,1,0,,
324,,,OFF,OFF,0,0,0,0,0,0,0,0,1,1,0,,
325,,,OFF,OFF,0,0,0,0,0,0,0,0,1,1,0,,
326,,,OFF,OFF,0,0,0,0,0,0,0,0,1,1,0,,
327,,,OFF,OFF,0,0,0,0,0,0,0,0,1,1,0,,
328,,,OFF,OFF,0,0,0,0,0,0,0,0,1,1,0,,
329,,,OFF,OFF,0,0,0,0,0,0,0,0,1,1,0,,
330,,,OFF,OFF,0,0,0,0,0,0,0,0,1,1,0,,
331,,,OFF,OFF,0,0,0,0,0,0,0,0,1,1,0,,
332,,,OFF,OFF,0,0,0,0,0,0,0,0,1,1,0,,
333,,,OFF,OFF,0,0,0,0,0,0,0,0,1,1,0,,
334,,,OFF,OFF,0,0,0,0,0,0,0,0,1,1,0,,
335,,,OFF,OFF,0,0,0,0,0,0,0,0,1,1,0,,
336,,,OFF,OFF,0,0,0,0,0,0,0,0,1,1,0,,
337,,,OFF,OFF,0,0,0,0,0,0,0,0,1,1,0,,
338,,,OFF,OFF,0,0,0,0,0,0,0,0,1,1,0,,
339,,,OFF,OFF,0,0,0,0,0,0,0,0,1,1,0,,
340,,,OFF,OFF,0,0,0,0,0,0,0,0,1,1,0,,
341,,,OFF,OFF,0,0,0,0,0,0,0,0,1,1,0,,
342,,,OFF,OFF,0,0,0,0,0,0,0,0,1,1,0,,
343,,,OFF,OFF,0,0,0,0,0,0,0,0,1,1,0,,
344,,,OFF,OFF,0,0,0,0,0,0,0,0,1,1,0,,
345,,,OFF,OFF,0,0,0,0,0,0,0,0,1,1,0,,
346,,,OFF,OFF,0,0,0,0,0,0,0,0,1,1,0,,
347,,,OFF,OFF,0,0,0,0,0,0,0,0,1,1,0,,
348,,,OFF,OFF,0,0,0,0,0,0,0,0,1,1,0,,
349,,,OFF,OFF,0,0,0,0,0,0,0,0,1,1,0,,
350,,,OFF,OFF,0,0,0,0,0,0,0,0,1,1,0,,
351,,,OFF,OFF,0,0,0,0,0,0,0,0,1,1,0,,
352,,,OFF,OFF,0,0,0,0,0,0,0,0,1,1,0,,
353,,,OFF,OFF,0,0,0,0,0,0,0,0,1,1,0,,
354,,,OFF,OFF,0,0,0,0,0,0,0,0,1,1,0,,
355,,,OFF,OFF,0,0,0,0,0,0,0,0,1,1,0,,
356,,,OFF,OFF,0,0,0,0,0,0,0,0,1,1,0,,
357,,,OFF,OFF,0,0,0,0,0,0,0,0,1,1,0,,
358,,,OFF,OFF,0,0,0,0,0,0,0,0,1,1,0,,
359,,,OFF,OFF,0,0,0,0,0,0,0,0,1,1,0,,
360,,,OFF,OFF,0,0,0,0,0,0,0,0,1,1,0,,
361,,,OFF,OFF,0,0,0,0,0,0,0,0,1,1,0,,
362,,,OFF,OFF,0,0,0,0,0,0,0,0,1,1,0,,
363,,,OFF,OFF,0,0,0,0,0,0,0,0,1,1,0,,
364,,,OFF,OFF,0,0,0,0,0,0,0,0,1,1,0,,
365,,,OFF,OFF,0,0,0,0,0,0,0,0,1,1,0,,
366,,,OFF,OFF,0,0,0,0,0,0,0,0,1,1,0,,
367,,,OFF,OFF,0,0,0,0,0,0,0,0,1,1,0,,
368,,,OFF,OFF,0,0,0,0,0,0,0,0,1,1,0,,
369,,,OFF,OFF,0,0,0,0,0,0,0,0,1,1,0,,
370,,,OFF,OFF,0,0,0,0,0,0,0,0,1,1,0,,
371,,,OFF,OFF,0,0,0,0,0,0,0,0,1,1,0,,
372,,,OFF,OFF,0,0,0,0,0,0,0,0,1,1,0,,
373,,,OFF,OFF,0,0,0,0,0,0,0,0,1,1,0,,
374,,,OFF,OFF,0,0,0,0,0,0,0,0,1,1,0,,
375,,,OFF,OFF,0,0,0,0,0,0,0,0,1,1,0,,
376,,,OFF,OFF,0,0,0,0,0,0,0,0,1,1,0,,
377,,,OFF,OFF,0,0,0,0,0,0,0,0,1,1,0,,
378,,,OFF,OFF,0,0,0,0,0,0,0,0,1,1,0,,
379,,,OFF,OFF,0,0,0,0,0,0,0,0,1,1,0,,
380,,,OFF,OFF,0,0,0,0,0,0,0,0,1,1,0,,
381,,,OFF,OFF,0,0,0,0,0,0,0,0,1,1,0,,
382,,,OFF,OFF,0,0,0,0,0,0,0,0,1,1,0,,
383,,,OFF,OFF,0,0,0,0,0,0,0,0,1,1,0,,
384,,,OFF,OFF,0,0,0,0,0,0,0,0,1,1,0,,
385,,,OFF,OFF,0,0,0,0,0,0,0,0,1,1,0,,
386,,,OFF,OFF,0,0,0,0,0,0,0,0,1,1,0,,
387,,,OFF,OFF,0,0,0,0,0,0,0,0,1,1,0,,
388,,,OFF,OFF,0,0,0,0,0,0,0,0,1,1,0,,
389,,,OFF,OFF,0,0,0,0,0,0,0,0,1,1,0,,
390,,,OFF,OFF,0,0,0,0,0,0,0,0,1,1,0,,
391,,,OFF,OFF,0,0,0,0,0,0,0,0,1,1,0,,
392,,,OFF,OFF,0,0,0,0,0,0,0,0,1,1,0,,
393,,,OFF,OFF,0,0,0,0,0,0,0,0,1,1,0,,
394,,,OFF,OFF,0,0,0,0,0,0,0,0,1,1,0,,
395,,,OFF,OFF,0,0,0,0,0,0,0,0,1,1,0,,
396,,,OFF,OFF,0,0,0,0,0,0,0,0,1,1,0,,
397,,,OFF,OFF,0,0,0,0,0,0,0,0,1,1,0,,
398,,,OFF,OFF,0,0,0,0,0,0,0,0,1,1,0,,
399,,,OFF,OFF,0,0,0,0,0,0,0,0,1,1,0,,
400,,,OFF,OFF,0,0,0,0,0,0,0,0,1,1,0,,
401,,,OFF,OFF,0,0,0,0,0,0,0,0,1,1,0,,
402,,,OFF,OFF,0,0,0,0,0,0,0,0,1,1,0,,
403,,,OFF,OFF,0,0,0,0,0,0,0,0,1,1,0,,
404,,,OFF,OFF,0,0,0,0,0,0,0,0,1,1,0,,
405,,,OFF,OFF,0,0,0,0,0,0,0,0,1,1,0,,
406,,,OFF,OFF,0,0,0,0,0,0,0,0,1,1,0,,
407,,,OFF,OFF,0,0,0,0,0,0,0,0,1,1,0,,
408,,,OFF,OFF,0,0,0,0,0,0,0,0,1,1,0,,
409,,,OFF,OFF,0,0,0,0,0,0,0,0,1,1,0,,
410,,,OFF,OFF,0,0,0,0,0,0,0,0,1,1,0,,
411,,,OFF,OFF,0,0,0,0,0,0,0,0,1,1,0,,
412,,,OFF,OFF,0,0,0,0,0,0,0,0,1,1,0,,
413,,,OFF,OFF,0,0,0,0,0,0,0,0,1,1,0,,
414,,,OFF,OFF,0,0,0,0,0,0,0,0,1,1,0,,
415,,,OFF,OFF,0,0,0,0,0,0,0,0,1,1,0,,
416,,,OFF,OFF,0,0,0,0,0,0,0,0,1,1,0,,
417,,,OFF,OFF,0,0,0,0,0,0,0,0,1,1,0,,
418,,,OFF,OFF,0,0,0,0,0,0,0,0,1,1,0,,
419,,,OFF,OFF,0,0,0,0,0,0,0,0,1,1,0,,
420,,,OFF,OFF,0,0,0,0,0,0,0,0,1,1,0,,
421,,,OFF,OFF,0,0,0,0,0,0,0,0,1,1,0,,
422,,,OFF,OFF,0,0,0,0,0,0,0,0,1,1,0,,
423,,,OFF,OFF,0,0,0,0,0,0,0,0,1,1,0,,
424,,,OFF,OFF,0,0,0,0,0,0,0,0,1,1,0,,
425,,,OFF,OFF,0,0,0,0,0,0,0,0,1,1,0,,
426,,,OFF,OFF,0,0,0,0,0,0,0,0,1,1,0,,
427,,,OFF,OFF,0,0,0,0,0,0,0,0,1,1,0,,
428,,,OFF,OFF,0,0,0,0,0,0,0,0,1,1,0,,
429,,,OFF,OFF,0,0,0,0,0,0,0,0,1,1,0,,
430,,,OFF,OFF,0,0,0,0,0,0,0,0,1,1,0,,
431,,,OFF,OFF,0,0,0,0,0,0,0,0,1,1,0,,
432,,,OFF,OFF,0,0,0,0,0,0,0,0,1,1,0,,
433,,,OFF,OFF,0,0,0,0,0,0,0,0,1,1,0,,
434,,,OFF,OFF,0,0,0,0,0,0,0,0,1,1,0,,
435,,,OFF,OFF,0,0,0,0,0,0,0,0,1,1,0,,
436,,,OFF,OFF,0,0,0,0,0,0,0,0,1,1,0,,
437,,,OFF,OFF,0,0,0,0,0,0,0,0,1,1,0,,
438,,,OFF,OFF,0,0,0,0,0,0,0,0,1,1,0,,
439,,,OFF,OFF,0,0,0,0,0,0,0,0,1,1,0,,
440,,,OFF,OFF,0,0,0,0,0,0,0,0,1,1,0,,
441,,,OFF,OFF,0,0,0,0,0,0,0,0,1,1,0,,
442,,,OFF,OFF,0,0,0,0,0,0,0,0,1,1,0,,
443,,,OFF,OFF,0,0,0,0,0,0,0,0,1,1,0,,
444,,,OFF,OFF,0,0,0,0,0,0,0,0,1,1,0,,
445,,,OFF,OFF,0,0,0,0,0,0,0,0,1,1,0,,
446,,,OFF,OFF,0,0,0,0,0,0,0,0,1,1,0,,
447,,,OFF,OFF,0,0,0,0,0,0,0,0,1,1,0,,
448,,,OFF,OFF,0,0,0,0,0,0,0,0,1,1,0,,
449,,,OFF,OFF,0,0,0,0,0,0,0,0,1,1,0,,
450,,,OFF,OFF,0,0,0,0,0,0,0,0,1,1,0,,
451,,,OFF,OFF,0,0,0,0,0,0,0,0,1,1,0,,
452,,,OFF,OFF,0,0,0,0,0,0,0,0,1,1,0,,
453,,,OFF,OFF,0,0,0,0,0,0,0,0,1,1,0,,
454,,,OFF,OFF,0,0,0,0,0,0,0,0,1,1,0,,
455,,,OFF,OFF,0,0,0,0,0,0,0,0,1,1,0,,
456,,,OFF,OFF,0,0,0,0,0,0,0,0,1,1,0,,
457,,,OFF,OFF,0,0,0,0,0,0,0,0,1,1,0,,
458,,,OFF,OFF,0,0,0,0,0,0,0,0,1,1,0,,
459,,,OFF,OFF,0,0,0,0,0,0,0,0,1,1,0,,
460,,,OFF,OFF,0,0,0,0,0,0,0,0,1,1,0,,
461,,,OFF,OFF,0,0,0,0,0,0,0,0,1,1,0,,
462,,,OFF,OFF,0,0,0,0,0,0,0,0,1,1,0,,
463,,,OFF,OFF,0,0,0,0,0,0,0,0,1,1,0,,
464,,,OFF,OFF,0,0,0,0,0,0,0,0,1,1,0,,
465,,,OFF,OFF,0,0,0,0,0,0,0,0,1,1,0,,
466,,,OFF,OFF,0,0,0,0,0,0,0,0,1,1,0,,
467,,,OFF,OFF,0,0,0,0,0,0,0,0,1,1,0,,
468,,,OFF,OFF,0,0,0,0,0,0,0,0,1,1,0,,
469,,,OFF,OFF,0,0,0,0,0,0,0,0,1,1,0,,
470,,,OFF,OFF,0,0,0,0,0,0,0,0,1,1,0,,
471,,,OFF,OFF,0,0,0,0,0,0,0,0,1,1,0,,
472,,,OFF,OFF,0,0,0,0,0,0,0,0,1,1,0,,
473,,,OFF,OFF,0,0,0,0,0,0,0,0,1,1,0,,
474,,,OFF,OFF,0,0,0,0,0,0,0,0,1,1,0,,
475,,,OFF,OFF,0,0,0,0,0,0,0,0,1,1,0,,
476,,,OFF,OFF,0,0,0,0,0,0,0,0,1,1,0,,
477,,,OFF,OFF,0,0,0,0,0,0,0,0,1,1,0,,
478,,,OFF,OFF,0,0,0,0,0,0,0,0,1,1,0,,
479,,,OFF,OFF,0,0,0,0,0,0,0,0,1,1,0,,
480,,,OFF,OFF,0,0,0,0,0,0,0,0,1,1,0,,
481,,,OFF,OFF,0,0,0,0,0,0,0,0,1,1,0,,
482,,,OFF,OFF,0,0,0,0,0,0,0,0,1,1,0,,
483,,,OFF,OFF,0,0,0,0,0,0,0,0,1,1,0,,
484,,,OFF,OFF,0,0,0,0,0,0,0,0,1,1,0,,
485,,,OFF,OFF,0,0,0,0,0,0,0,0,1,1,0,,
486,,,OFF,OFF,0,0,0,0,0,0,0,0,1,1,0,,
487,,,OFF,OFF,0,0,0,0,0,0,0,0,1,1,0,,
488,,,OFF,OFF,0,0,0,0,0,0,0,0,1,1,0,,
489,,,OFF,OFF,0,0,0,0,0,0,0,0,1,1,0,,
490,,,OFF,OFF,0,0,0,0,0,0,0,0,1,1,0,,
491,,,OFF,OFF,0,0,0,0,0,0,0,0,1,1,0,,
492,,,OFF,OFF,0,0,0,0,0,0,0,0,1,1,0,,
493,,,OFF,OFF,0,0,0,0,0,0,0,0,1,1,0,,
494,,,OFF,OFF,0,0,0,0,0,0,0,0,1,1,0,,
495,,,OFF,OFF,0,0,0,0,0,0,0,0,1,1,0,,
496,,,OFF,OFF,0,0,0,0,0,0,0,0,1,1,0,,
497,,,OFF,OFF,0,0,0,0,0,0,0,0,1,1,0,,
498,,,OFF,OFF,0,0,0,0,0,0,0,0,1,1,0,,
499,,,OFF,OFF,0,0,0,0,0,0,0,0,1,1,0,,
500,,,OFF,OFF,0,0,0,0,0,0,0,0,1,1,0,,
501,,,OFF,OFF,0,0,0,0,0,0,0,0,1,1,0,,
502,,,OFF,OFF,0,0,0,0,0,0,0,0,1,1,0,,
503,,,OFF,OFF,0,0,0,0,0,0,0,0,1,1,0,,
504,,,OFF,OFF,0,0,0,0,0,0,0,0,1,1,0,,
505,,,OFF,OFF,0,0,0,0,0,0,0,0,1,1,0,,
506,,,OFF,OFF,0,0,0,0,0,0,0,0,1,1,0,,
507,,,OFF,OFF,0,0,0,0,0,0,0,0,1,1,0,,
508,,,OFF,OFF,0,0,0,0,0,0,0,0,1,1,0,,
509,,,OFF,OFF,0,0,0,0,0,0,0,0,1,1,0,,
510,,,OFF,OFF,0,0,0,0,0,0,0,0,1,1,0,,
511,,,OFF,OFF,0,0,0,0,0,0,0,0,1,1,0,,
512,,,OFF,OFF,0,0,0,0,0,0,0,0,1,1,0,,
513,,,OFF,OFF,0,0,0,0,0,0,0,0,1,1,0,,
514,,,OFF,OFF,0,0,0,0,0,0,0,0,1,1,0,,
515,,,OFF,OFF,0,0,0,0,0,0,0,0,1,1,0,,
516,,,OFF,OFF,0,0,0,0,0,0,0,0,1,1,0,,
517,,,OFF,OFF,0,0,0,0,0,0,0,0,1,1,0,,
518,,,OFF,OFF,0,0,0,0,0,0,0,0,1,1,0,,
519,,,OFF,OFF,0,0,0,0,0,0,0,0,1,1,0,,
520,,,OFF,OFF,0,0,0,0,0,0,0,0,1,1,0,,
521,,,OFF,OFF,0,0,0,0,0,0,0,0,1,1,0,,
522,,,OFF,OFF,0,0,0,0,0,0,0,0,1,1,0,,
523,,,OFF,OFF,0,0,0,0,0,0,0,0,1,1,0,,
524,,,OFF,OFF,0,0,0,0,0,0,0,0,1,1,0,,
525,,,OFF,OFF,0,0,0,0,0,0,0,0,1,1,0,,
526,,,OFF,OFF,0,0,0,0,0,0,0,0,1,1,0,,
527,,,OFF,OFF,0,0,0,0,0,0,0,0,1,1,0,,
528,,,OFF,OFF,0,0,0,0,0,0,0,0,1,1,0,,
529,,,OFF,OFF,0,0,0,0,0,0,0,0,1,1,0,,
530,,,OFF,OFF,0,0,0,0,0,0,0,0,1,1,0,,
531,,,OFF,OFF,0,0,0,0,0,0,0,0,1,1,0,,
532,,,OFF,OFF,0,0,0,0,0,0,0,0,1,1,0,,
533,,,OFF,OFF,0,0,0,0,0,0,0,0,1,1,0,,
534,,,OFF,OFF,0,0,0,0,0,0,0,0,1,1,0,,
535,,,OFF,OFF,0,0,0,0,0,0,0,0,1,1,0,,
536,,,OFF,OFF,0,0,0,0,0,0,0,0,1,1,0,,
537,,,OFF,OFF,0,0,0,0,0,0,0,0,1,1,0,,
538,,,OFF,OFF,0,0,0,0,0,0,0,0,1,1,0,,
539,,,OFF,OFF,0,0,0,0,0,0,0,0,1,1,0,,
540,,,OFF,OFF,0,0,0,0,0,0,0,0,1,1,0,,
541,,,OFF,OFF,0,0,0,0,0,0,0,0,1,1,0,,
542,,,OFF,OFF,0,0,0,0,0,0,0,0,1,1,0,,
543,,,OFF,OFF,0,0,0,0,0,0,0,0,1,1,0,,
544,,,OFF,OFF,0,0,0,0,0,0,0,0,1,1,0,,
545,,,OFF,OFF,0,0,0,0,0,0,0,0,1,1,0,,
546,,,OFF,OFF,0,0,0,0,0,0,0,0,1,1,0,,
547,,,OFF,OFF,0,0,0,0,0,0,0,0,1,1,0,,
548,,,OFF,OFF,0,0,0,0,0,0,0,0,1,1,0,,
549,,,OFF,OFF,0,0,0,0,0,0,0,0,1,1,0,,
550,,,OFF,OFF,0,0,0,0,0,0,0,0,1,1,0,,
551,,,OFF,OFF,0,0,0,0,0,0,0,0,1,1,0,,
552,,,OFF,OFF,0,0,0,0,0,0,0,0,1,1,0,,
553,,,OFF,OFF,0,0,0,0,0,0,0,0,1,1,0,,
554,,,OFF,OFF,0,0,0,0,0,0,0,0,1,1,0,,
555,,,OFF,OFF,0,0,0,0,0,0,0,0,1,1,0,,
556,,,OFF,OFF,0,0,0,0,0,0,0,0,1,1,0,,
557,,,OFF,OFF,0,0,0,0,0,0,0,0,1,1,0,,
558,,,OFF,OFF,0,0,0,0,0,0,0,0,1,1,0,,
559,,,OFF,OFF,0,0,0,0,0,0,0,0,1,1,0,,
560,,,OFF,OFF,0,0,0,0,0,0,0,0,1,1,0,,
561,,,OFF,OFF,0,0,0,0,0,0,0,0,1,1,0,,
562,,,OFF,OFF,0,0,0,0,0,0,0,0,1,1,0,,
563,,,OFF,OFF,0,0,0,0,0,0,0,0,1,1,0,,
564,,,OFF,OFF,0,0,0,0,0,0,0,0,1,1,0,,
565,,,OFF,OFF,0,0,0,0,0,0,0,0,1,1,0,,
566,,,OFF,OFF,0,0,0,0,0,0,0,0,1,1,0,,
567,,,OFF,OFF,0,0,0,0,0,0,0,0,1,1,0,,
568,,,OFF,OFF,0,0,0,0,0,0,0,0,1,1,0,,
569,,,OFF,OFF,0,0,0,0,0,0,0,0,1,1,0,,
570,,,OFF,OFF,0,0,0,0,0,0,0,0,1,1,0,,
571,,,OFF,OFF,0,0,0,0,0,0,0,0,1,1,0,,
572,,,OFF,OFF,0,0,0,0,0,0,0,0,1,1,0,,
573,,,OFF,OFF,0,0,0,0,0,0,0,0,1,1,0,,
574,,,OFF,OFF,0,0,0,0,0,0,0,0,1,1,0,,
575,,,OFF,OFF,0,0,0,0,0,0,0,0,1,1,0,,
576,,,OFF,OFF,0,0,0,0,0,0,0,0,1,1,0,,
577,,,OFF,OFF,0,0,0,0,0,0,0,0,1,1,0,,
578,,,OFF,OFF,0,0,0,0,0,0,0,0,1,1,0,,
579,,,OFF,OFF,0,0,0,0,0,0,0,0,1,1,0,,
580,,,OFF,OFF,0,0,0,0,0,0,0,0,1,1,0,,
581,,,OFF,OFF,0,0,0,0,0,0,0,0,1,1,0,,
582,,,OFF,OFF,0,0,0,0,0,0,0,0,1,1,0,,
583,,,OFF,OFF,0,0,0,0,0,0,0,0,1,1,0,,
584,,,OFF,OFF,0,0,0,0,0,0,0,0,1,1,0,,
585,,,OFF,OFF,0,0,0,0,0,0,0,0,1,1,0,,
586,,,OFF,OFF,0,0,0,0,0,0,0,0,1,1,0,,
587,,,OFF,OFF,0,0,0,0,0,0,0,0,1,1,0,,
588,,,OFF,OFF,0,0,0,0,0,0,0,0,1,1,0,,
589,,,OFF,OFF,0,0,0,0,0,0,0,0,1,1,0,,
590,,,OFF,OFF,0,0,0,0,0,0,0,0,1,1,0,,
591,,,OFF,OFF,0,0,0,0,0,0,0,0,1,1,0,,
592,,,OFF,OFF,0,0,0,0,0,0,0,0,1,1,0,,
593,,,OFF,OFF,0,0,0,0,0,0,0,0,1,1,0,,
594,,,OFF,OFF,0,0,0,0,0,0,0,0,1,1,0,,
595,,,OFF,OFF,0,0,0,0,0,0,0,0,1,1,0,,
596,,,OFF,OFF,0,0,0,0,0,0,0,0,1,1,0,,
597,,,OFF,OFF,0,0,0,0,0,0,0,0,1,1,0,,
598,,,OFF,OFF,0,0,0,0,0,0,0,0,1,1,0,,
599,,,OFF,OFF,0,0,0,0,0,0,0,0,1,1,0,,
600,,,OFF,OFF,0,0,0,0,0,0,0,0,1,1,0,,
601,,,OFF,OFF,0,0,0,0,0,0,0,0,1,1,0,,
602,,,OFF,OFF,0,0,0,0,0,0,0,0,1,1,0,,
603,,,OFF,OFF,0,0,0,0,0,0,0,0,1,1,0,,
604,,,OFF,OFF,0,0,0,0,0,0,0,0,1,1,0,,
605,,,OFF,OFF,0,0,0,0,0,0,0,0,1,1,0,,
606,,,OFF,OFF,0,0,0,0,0,0,0,0,1,1,0,,
607,,,OFF,OFF,0,0,0,0,0,0,0,0,1,1,0,,
608,,,OFF,OFF,0,0,0,0,0,0,0,0,1,1,0,,
609,,,OFF,OFF,0,0,0,0,0,0,0,0,1,1,0,,
610,,,OFF,OFF,0,0,0,0,0,0,0,0,1,1,0,,
611,,,OFF,OFF,0,0,0,0,0,0,0,0,1,1,0,,
612,,,OFF,OFF,0,0,0,0,0,0,0,0,1,1,0,,
613,,,OFF,OFF,0,0,0,0,0,0,0,0,1,1,0,,
614,,,OFF,OFF,0,0,0,0,0,0,0,0,1,1,0,,
615,,,OFF,OFF,0,0,0,0,0,0,0,0,1,1,0,,
616,,,OFF,OFF,0,0,0,0,0,0,0,0,1,1,0,,
617,,,OFF,OFF,0,0,0,0,0,0,0,0,1,1,0,,
618,,,OFF,OFF,0,0,0,0,0,0,0,0,1,1,0,,
619,,,OFF,OFF,0,0,0,0,0,0,0,0,1,1,0,,
620,,,OFF,OFF,0,0,0,0,0,0,0,0,1,1,0,,
621,,,OFF,OFF,0,0,0,0,0,0,0,0,1,1,0,,
622,,,OFF,OFF,0,0,0,0,0,0,0,0,1,1,0,,
623,,,OFF,OFF,0,0,0,0,0,0,0,0,1,1,0,,
624,,,OFF,OFF,0,0,0,0,0,0,0,0,1,1,0,,
625,,,OFF,OFF,0,0,0,0,0,0,0,0,1,1,0,,
626,,,OFF,OFF,0,0,0,0,0,0,0,0,1,1,0,,
627,,,OFF,OFF,0,0,0,0,0,0,0,0,1,1,0,,
628,,,OFF,OFF,0,0,0,0,0,0,0,0,1,1,0,,
629,,,OFF,OFF,0,0,0,0,0,0,0,0,1,1,0,,
630,,,OFF,OFF,0,0,0,0,0,0,0,0,1,1,0,,
631,,,OFF,OFF,0,0,0,0,0,0,0,0,1,1,0,,
632,,,OFF,OFF,0,0,0,0,0,0,0,0,1,1,0,,
633,,,OFF,OFF,0,0,0,0,0,0,0,0,1,1,0,,
634,,,OFF,OFF,0,0,0,0,0,0,0,0,1,1,0,,
635,,,OFF,OFF,0,0,0,0,0,0,0,0,1,1,0,,
636,,,OFF,OFF,0,0,0,0,0,0,0,0,1,1,0,,
637,,,OFF,OFF,0,0,0,0,0,0,0,0,1,1,0,,
638,,,OFF,OFF,0,0,0,0,0,0,0,0,1,1,0,,
639,,,OFF,OFF,0,0,0,0,0,0,0,0,1,1,0,,
640,,,OFF,OFF,0,0,0,0,0,0,0,0,1,1,0,,
641,,,OFF,OFF,0,0,0,0,0,0,0,0,1,1,0,,
642,,,OFF,OFF,0,0,0,0,0,0,0,0,1,1,0,,
643,,,OFF,OFF,0,0,0,0,0,0,0,0,1,1,0,,
644,,,OFF,OFF,0,0,0,0,0,0,0,0,1,1,0,,
645,,,OFF,OFF,0,0,0,0,0,0,0,0,1,1,0,,
646,,,OFF,OFF,0,0,0,0,0,0,0,0,1,1,0,,
647,,,OFF,OFF,0,0,0,0,0,0,0,0,1,1,0,,
648,,,OFF,OFF,0,0,0,0,0,0,0,0,1,1,0,,
649,,,OFF,OFF,0,0,0,0,0,0,0,0,1,1,0,,
650,,,OFF,OFF,0,0,0,0,0,0,0,0,1,1,0,,
651,,,OFF,OFF,0,0,0,0,0,0,0,0,1,1,0,,
652,,,OFF,OFF,0,0,0,0,0,0,0,0,1,1,0,,
653,,,OFF,OFF,0,0,0,0,0,0,0,0,1,1,0,,
654,,,OFF,OFF,0,0,0,0,0,0,0,0,1,1,0,,
655,,,OFF,OFF,0,0,0,0,0,0,0,0,1,1,0,,
656,,,OFF,OFF,0,0,0,0,0,0,0,0,1,1,0,,
657,,,OFF,OFF,0,0,0,0,0,0,0,0,1,1,0,,
658,,,OFF,OFF,0,0,0,0,0,0,0,0,1,1,0,,
659,,,OFF,OFF,0,0,0,0,0,0,0,0,1,1,0,,
660,,,OFF,OFF,0,0,0,0,0,0,0,0,1,1,0,,
661,,,OFF,OFF,0,0,0,0,0,0,0,0,1,1,0,,
662,,,OFF,OFF,0,0,0,0,0,0,0,0,1,1,0,,
663,,,OFF,OFF,0,0,0,0,0,0,0,0,1,1,0,,
664,,,OFF,OFF,0,0,0,0,0,0,0,0,1,1,0,,
665,,,OFF,OFF,0,0,0,0,0,0,0,0,1,1,0,,
666,,,OFF,OFF,0,0,0,0,0,0,0,0,1,1,0,,
667,,,OFF,OFF,0,0,0,0,0,0,0,0,1,1,0,,
668,,,OFF,OFF,0,0,0,0,0,0,0,0,1,1,0,,
669,,,OFF,OFF,0,0,0,0,0,0,0,0,1,1,0,,
670,,,OFF,OFF,0,0,0,0,0,0,0,0,1,1,0,,
671,,,OFF,OFF,0,0,0,0,0,0,0,0,1,1,0,,
672,,,OFF,OFF,0,0,0,0,0,0,0,0,1,1,0,,
673,,,OFF,OFF,0,0,0,0,0,0,0,0,1,1,0,,
674,,,OFF,OFF,0,0,0,0,0,0,0,0,1,1,0,,
675,,,OFF,OFF,0,0,0,0,0,0,0,0,1,1,0,,
676,,,OFF,OFF,0,0,0,0,0,0,0,0,1,1,0,,
677,,,OFF,OFF,0,0,0,0,0,0,0,0,1,1,0,,
678,,,OFF,OFF,0,0,0,0,0,0,0,0,1,1,0,,
679,,,OFF,OFF,0,0,0,0,0,0,0,0,1,1,0,,
680,,,OFF,OFF,0,0,0,0,0,0,0,0,1,1,0,,
681,,,OFF,OFF,0,0,0,0,0,0,0,0,1,1,0,,
682,,,OFF,OFF,0,0,0,0,0,0,0,0,1,1,0,,
683,,,OFF,OFF,0,0,0,0,0,0,0,0,1,1,0,,
684,,,OFF,OFF,0,0,0,0,0,0,0,0,1,1,0,,
685,,,OFF,OFF,0,0,0,0,0,0,0,0,1,1,0,,
686,,,OFF,OFF,0,0,0,0,0,0,0,0,1,1,0,,
687,,,OFF,OFF,0,0,0,0,0,0,0,0,1,1,0,,
688,,,OFF,OFF,0,0,0,0,0,0,0,0,1,1,0,,
689,,,OFF,OFF,0,0,0,0,0,0,0,0,1,1,0,,
690,,,OFF,OFF,0,0,0,0,0,0,0,0,1,1,0,,
691,,,OFF,OFF,0,0,0,0,0,0,0,0,1,1,0,,
692,,,OFF,OFF,0,0,0,0,0,0,0,0,1,1,0,,
693,,,OFF,OFF,0,0,0,0,0,0,0,0,1,1,0,,
694,,,OFF,OFF,0,0,0,0,0,0,0,0,1,1,0,,
695,,,OFF,OFF,0,0,0,0,0,0,0,0,1,1,0,,
696,,,OFF,OFF,0,0,0,0,0,0,0,0,1,1,0,,
697,,,OFF,OFF,0,0,0,0,0,0,0,0,1,1,0,,
698,,,OFF,OFF,0,0,0,0,0,0,0,0,1,1,0,,
699,,,OFF,OFF,0,0,0,0,0,0,0,0,1,1,0,,
700,,,OFF,OFF,0,0,0,0,0,0,0,0,1,1,0,,
701,,,OFF,OFF,0,0,0,0,0,0,0,0,1,1,0,,
702,,,OFF,OFF,0,0,0,0,0,0,0,0,1,1,0,,
703,,,OFF,OFF,0,0,0,0,0,0,0,0,1,1,0,,
704,,,OFF,OFF,0,0,0,0,0,0,0,0,1,1,0,,
705,,,OFF,OFF,0,0,0,0,0,0,0,0,1,1,0,,
706,,,OFF,OFF,0,0,0,0,0,0,0,0,1,1,0,,
707,,,OFF,OFF,0,0,0,0,0,0,0,0,1,1,0,,
708,,,OFF,OFF,0,0,0,0,0,0,0,0,1,1,0,,
709,,,OFF,OFF,0,0,0,0,0,0,0,0,1,1,0,,
710,,,OFF,OFF,0,0,0,0,0,0,0,0,1,1,0,,
711,,,OFF,OFF,0,0,0,0,0,0,0,0,1,1,0,,
712,,,OFF,OFF,0,0,0,0,0,0,0,0,1,1,0,,
713,,,OFF,OFF,0,0,0,0,0,0,0,0,1,1,0,,
714,,,OFF,OFF,0,0,0,0,0,0,0,0,1,1,0,,
715,,,OFF,OFF,0,0,0,0,0,0,0,0,1,1,0,,
716,,,OFF,OFF,0,0,0,0,0,0,0,0,1,1,0,,
717,,,OFF,OFF,0,0,0,0,0,0,0,0,1,1,0,,
718,,,OFF,OFF,0,0,0,0,0,0,0,0,1,1,0,,
719,,,OFF,OFF,0,0,0,0,0,0,0,0,1,1,0,,
720,,,OFF,OFF,0,0,0,0,0,0,0,0,1,1,0,,
721,,,OFF,OFF,0,0,0,0,0,0,0,0,1,1,0,,
722,,,OFF,OFF,0,0,0,0,0,0,0,0,1,1,0,,
723,,,OFF,OFF,0,0,0,0,0,0,0,0,1,1,0,,
724,,,OFF,OFF,0,0,0,0,0,0,0,0,1,1,0,,
725,,,OFF,OFF,0,0,0,0,0,0,0,0,1,1,0,,
726,,,OFF,OFF,0,0,0,0,0,0,0,0,1,1,0,,
727,,,OFF,OFF,0,0,0,0,0,0,0,0,1,1,0,,
728,,,OFF,OFF,0,0,0,0,0,0,0,0,1,1,0,,
729,,,OFF,OFF,0,0,0,0,0,0,0,0,1,1,0,,
730,,,OFF,OFF,0,0,0,0,0,0,0,0,1,1,0,,
731,,,OFF,OFF,0,0,0,0,0,0,0,0,1,1,0,,
732,,,OFF,OFF,0,0,0,0,0,0,0,0,1,1,0,,
733,,,OFF,OFF,0,0,0,0,0,0,0,0,1,1,0,,
734,,,OFF,OFF,0,0,0,0,0,0,0,0,1,1,0,,
735,,,OFF,OFF,0,0,0,0,0,0,0,0,1,1,0,,
736,,,OFF,OFF,0,0,0,0,0,0,0,0,1,1,0,,
737,,,OFF,OFF,0,0,0,0,0,0,0,0,1,1,0,,
738,,,OFF,OFF,0,0,0,0,0,0,0,0,1,1,0,,
739,,,OFF,OFF,0,0,0,0,0,0,0,0,1,1,0,,
740,,,OFF,OFF,0,0,0,0,0,0,0,0,1,1,0,,
741,,,OFF,OFF,0,0,0,0,0,0,0,0,1,1,0,,
742,,,OFF,OFF,0,0,0,0,0,0,0,0,1,1,0,,
743,,,OFF,OFF,0,0,0,0,0,0,0,0,1,1,0,,
744,,,OFF,OFF,0,0,0,0,0,0,0,0,1,1,0,,
745,,,OFF,OFF,0,0,0,0,0,0,0,0,1,1,0,,
746,,,OFF,OFF,0,0,0,0,0,0,0,0,1,1,0,,
747,,,OFF,OFF,0,0,0,0,0,0,0,0,1,1,0,,
748,,,OFF,OFF,0,0,0,0,0,0,0,0,1,1,0,,
749,,,OFF,OFF,0,0,0,0,0,0,0,0,1,1,0,,
750,,,OFF,OFF,0,0,0,0,0,0,0,0,1,1,0,,
751,,,OFF,OFF,0,0,0,0,0,0,0,0,1,1,0,,
752,,,OFF,OFF,0,0,0,0,0,0,0,0,1,1,0,,
753,,,OFF,OFF,0,0,0,0,0,0,0,0,1,1,0,,
754,,,OFF,OFF,0,0,0,0,0,0,0,0,1,1,0,,
755,,,OFF,OFF,0,0,0,0,0,0,0,0,1,1,0,,
756,,,OFF,OFF,0,0,0,0,0,0,0,0,1,1,0,,
757,,,OFF,OFF,0,0,0,0,0,0,0,0,1,1,0,,
758,,,OFF,OFF,0,0,0,0,0,0,0,0,1,1,0,,
759,,,OFF,OFF,0,0,0,0,0,0,0,0,1,1,0,,
760,,,OFF,OFF,0,0,0,0,0,0,0,0,1,1,0,,
761,,,OFF,OFF,0,0,0,0,0,0,0,0,1,1,0,,
762,,,OFF,OFF,0,0,0,0,0,0,0,0,1,1,0,,
763,,,OFF,OFF,0,0,0,0,0,0,0,0,1,1,0,,
764,,,OFF,OFF,0,0,0,0,0,0,0,0,1,1,0,,
765,,,OFF,OFF,0,0,0,0,0,0,0,0,1,1,0,,
766,,,OFF,OFF,0,0,0,0,0,0,0,0,1,1,0,,
767,,,OFF,OFF,0,0,0,0,0,0,0,0,1,1,0,,
768,,,OFF,OFF,0,0,0,0,0,0,0,0,1,1,0,,
769,,,OFF,OFF,0,0,0,0,0,0,0,0,1,1,0,,
770,,,OFF,OFF,0,0,0,0,0,0,0,0,1,1,0,,
771,,,OFF,OFF,0,0,0,0,0,0,0,0,1,1,0,,
772,,,OFF,OFF,0,0,0,0,0,0,0,0,1,1,0,,
773,,,OFF,OFF,0,0,0,0,0,0,0,0,1,1,0,,
774,,,OFF,OFF,0,0,0,0,0,0,0,0,1,1,0,,
775,,,OFF,OFF,0,0,0,0,0,0,0,0,1,1,0,,
776,,,OFF,OFF,0,0,0,0,0,0,0,0,1,1,0,,
777,,,OFF,OFF,0,0,0,0,0,0,0,0,1,1,0,,
778,,,OFF,OFF,0,0,0,0,0,0,0,0,1,1,0,,
779,,,OFF,OFF,0,0,0,0,0,0,0,0,1,1,0,,
780,,,OFF,OFF,0,0,0,0,0,0,0,0,1,1,0,,
781,,,OFF,OFF,0,0,0,0,0,0,0,0,1,1,0,,
782,,,OFF,OFF,0,0,0,0,0,0,0,0,1,1,0,,
783,,,OFF,OFF,0,0,0,0,0,0,0,0,1,1,0,,
784,,,OFF,OFF,0,0,0,0,0,0,0,0,1,1,0,,
785,,,OFF,OFF,0,0,0,0,0,0,0,0,1,1,0,,
786,,,OFF,OFF,0,0,0,0,0,0,0,0,1,1,0,,
787,,,OFF,OFF,0,0,0,0,0,0,0,0,1,1,0,,
788,,,OFF,OFF,0,0,0,0,0,0,0,0,1,1,0,,
789,,,OFF,OFF,0,0,0,0,0,0,0,0,1,1,0,,
790,,,OFF,OFF,0,0,0,0,0,0,0,0,1,1,0,,
791,,,OFF,OFF,0,0,0,0,0,0,0,0,1,1,0,,
792,,,OFF,OFF,0,0,0,0,0,0,0,0,1,1,0,,
793,,,OFF,OFF,0,0,0,0,0,0,0,0,1,1,0,,
794,,,OFF,OFF,0,0,0,0,0,0,0,0,1,1,0,,
795,,,OFF,OFF,0,0,0,0,0,0,0,0,1,1,0,,
796,,,OFF,OFF,0,0,0,0,0,0,0,0,1,1,0,,
797,,,OFF,OFF,0,0,0,0,0,0,0,0,1,1,0,,
798,,,OFF,OFF,0,0,0,0,0,0,0,0,1,1,0,,
799,,,OFF,OFF,0,0,0,0,0,0,0,0,1,1,0,,
800,,,OFF,OFF,0,0,0,0,0,0,0,0,1,1,0,,
801,,,OFF,OFF,0,0,0,0,0,0,0,0,1,1,0,,
802,,,OFF,OFF,0,0,0,0,0,0,0,0,1,1,0,,
803,,,OFF,OFF,0,0,0,0,0,0,0,0,1,1,0,,
804,,,OFF,OFF,0,0,0,0,0,0,0,0,1,1,0,,
805,,,OFF,OFF,0,0,0,0,0,0,0,0,1,1,0,,
806,,,OFF,OFF,0,0,0,0,0,0,0,0,1,1,0,,
807,,,OFF,OFF,0,0,0,0,0,0,0,0,1,1,0,,
808,,,OFF,OFF,0,0,0,0,0,0,0,0,1,1,0,,
809,,,OFF,OFF,0,0,0,0,0,0,0,0,1,1,0,,
810,,,OFF,OFF,0,0,0,0,0,0,0,0,1,1,0,,
811,,,OFF,OFF,0,0,0,0,0,0,0,0,1,1,0,,
812,,,OFF,OFF,0,0,0,0,0,0,0,0,1,1,0,,
813,,,OFF,OFF,0,0,0,0,0,0,0,0,1,1,0,,
814,,,OFF,OFF,0,0,0,0,0,0,0,0,1,1,0,,
815,,,OFF,OFF,0,0,0,0,0,0,0,0,1,1,0,,
816,,,OFF,OFF,0,0,0,0,0,0,0,0,1,1,0,,
817,,,OFF,OFF,0,0,0,0,0,0,0,0,1,1,0,,
818,,,OFF,OFF,0,0,0,0,0,0,0,0,1,1,0,,
819,,,OFF,OFF,0,0,0,0,0,0,0,0,1,1,0,,
820,,,OFF,OFF,0,0,0,0,0,0,0,0,1,1,0,,
821,,,OFF,OFF,0,0,0,0,0,0,0,0,1,1,0,,
822,,,OFF,OFF,0,0,0,0,0,0,0,0,1,1,0,,
823,,,OFF,OFF,0,0,0,0,0,0,0,0,1,1,0,,
824,,,OFF,OFF,0,0,0,0,0,0,0,0,1,1,0,,
825,,,OFF,OFF,0,0,0,0,0,0,0,0,1,1,0,,
826,,,OFF,OFF,0,0,0,0,0,0,0,0,1,1,0,,
827,,,OFF,OFF,0,0,0,0,0,0,0,0,1,1,0,,
828,,,OFF,OFF,0,0,0,0,0,0,0,0,1,1,0,,
829,,,OFF,OFF,0,0,0,0,0,0,0,0,1,1,0,,
830,,,OFF,OFF,0,0,0,0,0,0,0,0,1,1,0,,
831,,,OFF,OFF,0,0,0,0,0,0,0,0,1,1,0,,
832,,,OFF,OFF,0,0,0,0,0,0,0,0,1,1,0,,
833,,,OFF,OFF,0,0,0,0,0,0,0,0,1,1,0,,
834,,,OFF,OFF,0,0,0,0,0,0,0,0,1,1,0,,
835,,,OFF,OFF,0,0,0,0,0,0,0,0,1,1,0,,
836,,,OFF,OFF,0,0,0,0,0,0,0,0,1,1,0,,
837,,,OFF,OFF,0,0,0,0,0,0,0,0,1,1,0,,
838,,,OFF,OFF,0,0,0,0,0,0,0,0,1,1,0,,
839,,,OFF,OFF,0,0,0,0,0,0,0,0,1,1,0,,
840,,,OFF,OFF,0,0,0,0,0,0,0,0,1,1,0,,
841,,,OFF,OFF,0,0,0,0,0,0,0,0,1,1,0,,
842,,,OFF,OFF,0,0,0,0,0,0,0,0,1,1,0,,
843,,,OFF,OFF,0,0,0,0,0,0,0,0,1,1,0,,
844,,,OFF,OFF,0,0,0,0,0,0,0,0,1,1,0,,
845,,,OFF,OFF,0,0,0,0,0,0,0,0,1,1,0,,
846,,,OFF,OFF,0,0,0,0,0,0,0,0,1,1,0,,
847,,,OFF,OFF,0,0,0,0,0,0,0,0,1,1,0,,
848,,,OFF,OFF,0,0,0,0,0,0,0,0,1,1,0,,
849,,,OFF,OFF,0,0,0,0,0,0,0,0,1,1,0,,
850,,,OFF,OFF,0,0,0,0,0,0,0,0,1,1,0,,
851,,,OFF,OFF,0,0,0,0,0,0,0,0,1,1,0,,
852,,,OFF,OFF,0,0,0,0,0,0,0,0,1,1,0,,
853,,,OFF,OFF,0,0,0,0,0,0,0,0,1,1,0,,
854,,,OFF,OFF,0,0,0,0,0,0,0,0,1,1,0,,
855,,,OFF,OFF,0,0,0,0,0,0,0,0,1,1,0,,
856,,,OFF,OFF,0,0,0,0,0,0,0,0,1,1,0,,
857,,,OFF,OFF,0,0,0,0,0,0,0,0,1,1,0,,
858,,,OFF,OFF,0,0,0,0,0,0,0,0,1,1,0,,
859,,,OFF,OFF,0,0,0,0,0,0,0,0,1,1,0,,
860,,,OFF,OFF,0,0,0,0,0,0,0,0,1,1,0,,
861,,,OFF,OFF,0,0,0,0,0,0,0,0,1,1,0,,
862,,,OFF,OFF,0,0,0,0,0,0,0,0,1,1,0,,
863,,,OFF,OFF,0,0,0,0,0,0,0,0,1,1,0,,
864,,,OFF,OFF,0,0,0,0,0,0,0,0,1,1,0,,
865,,,OFF,OFF,0,0,0,0,0,0,0,0,1,1,0,,
866,,,OFF,OFF,0,0,0,0,0,0,0,0,1,1,0,,
867,,,OFF,OFF,0,0,0,0,0,0,0,0,1,1,0,,
868,,,OFF,OFF,0,0,0,0,0,0,0,0,1,1,0,,
869,,,OFF,OFF,0,0,0,0,0,0,0,0,1,1,0,,
870,,,OFF,OFF,0,0,0,0,0,0,0,0,1,1,0,,
871,,,OFF,OFF,0,0,0,0,0,0,0,0,1,1,0,,
872,,,OFF,OFF,0,0,0,0,0,0,0,0,1,1,0,,
873,,,OFF,OFF,0,0,0,0,0,0,0,0,1,1,0,,
874,,,OFF,OFF,0,0,0,0,0,0,0,0,1,1,0,,
875,,,OFF,OFF,0,0,0,0,0,0,0,0,1,1,0,,
876,,,OFF,OFF,0,0,0,0,0,0,0,0,1,1,0,,
877,,,OFF,OFF,0,0,0,0,0,0,0,0,1,1,0,,
878,,,OFF,OFF,0,0,0,0,0,0,0,0,1,1,0,,
879,,,OFF,OFF,0,0,0,0,0,0,0,0,1,1,0,,
880,,,OFF,OFF,0,0,0,0,0,0,0,0,1,1,0,,
881,,,OFF,OFF,0,0,0,0,0,0,0,0,1,1,0,,
882,,,OFF,OFF,0,0,0,0,0,0,0,0,1,1,0,,
883,,,OFF,OFF,0,0,0,0,0,0,0,0,1,1,0,,
884,,,OFF,OFF,0,0,0,0,0,0,0,0,1,1,0,,
885,,,OFF,OFF,0,0,0,0,0,0,0,0,1,1,0,,
886,,,OFF,OFF,0,0,0,0,0,0,0,0,1,1,0,,
887,,,OFF,OFF,0,0,0,0,0,0,0,0,1,1,0,,
888,,,OFF,OFF,0,0,0,0,0,0,0,0,1,1,0,,
889,,,OFF,OFF,0,0,0,0,0,0,0,0,1,1,0,,
890,,,OFF,OFF,0,0,0,0,0,0,0,0,1,1,0,,
891,,,OFF,OFF,0,0,0,0,0,0,0,0,1,1,0,,
892,,,OFF,OFF,0,0,0,0,0,0,0,0,1,1,0,,
893,,,OFF,OFF,0,0,0,0,0,0,0,0,1,1,0,,
894,,,OFF,OFF,0,0,0,0,0,0,0,0,1,1,0,,
895,,,OFF,OFF,0,0,0,0,0,0,0,0,1,1,0,,
896,,,OFF,OFF,0,0,0,0,0,0,0,0,1,1,0,,
897,,,OFF,OFF,0,0,0,0,0,0,0,0,1,1,0,,
898,,,OFF,OFF,0,0,0,0,0,0,0,0,1,1,0,,
899,,,OFF,OFF,0,0,0,0,0,0,0,0,1,1,0,,
900,,,OFF,OFF,0,0,0,0,0,0,0,0,1,1,0,,
901,,,OFF,OFF,0,0,0,0,0,0,0,0,1,1,0,,
902,,,OFF,OFF,0,0,0,0,0,0,0,0,1,1,0,,
903,,,OFF,OFF,0,0,0,0,0,0,0,0,1,1,0,,
904,,,OFF,OFF,0,0,0,0,0,0,0,0,1,1,0,,
905,,,OFF,OFF,0,0,0,0,0,0,0,0,1,1,0,,
906,,,OFF,OFF,0,0,0,0,0,0,0,0,1,1,0,,
907,,,OFF,OFF,0,0,0,0,0,0,0,0,1,1,0,,
908,,,OFF,OFF,0,0,0,0,0,0,0,0,1,1,0,,
909,,,OFF,OFF,0,0,0,0,0,0,0,0,1,1,0,,
910,,,OFF,OFF,0,0,0,0,0,0,0,0,1,1,0,,
911,,,OFF,OFF,0,0,0,0,0,0,0,0,1,1,0,,
912,,,OFF,OFF,0,0,0,0,0,0,0,0,1,1,0,,
913,,,OFF,OFF,0,0,0,0,0,0,0,0,1,1,0,,
914,,,OFF,OFF,0,0,0,0,0,0,0,0,1,1,0,,
915,,,OFF,OFF,0,0,0,0,0,0,0,0,1,1,0,,
916,,,OFF,OFF,0,0,0,0,0,0,0,0,1,1,0,,
917,,,OFF,OFF,0,0,0,0,0,0,0,0,1,1,0,,
918,,,OFF,OFF,0,0,0,0,0,0,0,0,1,1,0,,
919,,,OFF,OFF,0,0,0,0,0,0,0,0,1,1,0,,
920,,,OFF,OFF,0,0,0,0,0,0,0,0,1,1,0,,
921,,,OFF,OFF,0,0,0,0,0,0,0,0,1,1,0,,
922,,,OFF,OFF,0,0,0,0,0,0,0,0,1,1,0,,
923,,,OFF,OFF,0,0,0,0,0,0,0,0,1,1,0,,
924,,,OFF,OFF,0,0,0,0,0,0,0,0,1,1,0,,
925,,,OFF,OFF,0,0,0,0,0,0,0,0,1,1,0,,
926,,,OFF,OFF,0,0,0,0,0,0,0,0,1,1,0,,
927,,,OFF,OFF,0,0,0,0,0,0,0,0,1,1,0,,
928,,,OFF,OFF,0,0,0,0,0,0,0,0,1,1,0,,
929,,,OFF,OFF,0,0,0,0,0,0,0,0,1,1,0,,
930,,,OFF,OFF,0,0,0,0,0,0,0,0,1,1,0,,
931,,,OFF,OFF,0,0,0,0,0,0,0,0,1,1,0,,
932,,,OFF,OFF,0,0,0,0,0,0,0,0,1,1,0,,
933,,,OFF,OFF,0,0,0,0,0,0,0,0,1,1,0,,
934,,,OFF,OFF,0,0,0,0,0,0,0,0,1,1,0,,
935,,,OFF,OFF,0,0,0,0,0,0,0,0,1,1,0,,
936,,,OFF,OFF,0,0,0,0,0,0,0,0,1,1,0,,
937,,,OFF,OFF,0,0,0,0,0,0,0,0,1,1,0,,
938,,,OFF,OFF,0,0,0,0,0,0,0,0,1,1,0,,
939,,,OFF,OFF,0,0,0,0,0,0,0,0,1,1,0,,
940,,,OFF,OFF,0,0,0,0,0,0,0,0,1,1,0,,
941,,,OFF,OFF,0,0,0,0,0,0,0,0,1,1,0,,
942,,,OFF,OFF,0,0,0,0,0,0,0,0,1,1,0,,
943,,,OFF,OFF,0,0,0,0,0,0,0,0,1,1,0,,
944,,,OFF,OFF,0,0,0,0,0,0,0,0,1,1,0,,
945,,,OFF,OFF,0,0,0,0,0,0,0,0,1,1,0,,
946,,,OFF,OFF,0,0,0,0,0,0,0,0,1,1,0,,
947,,,OFF,OFF,0,0,0,0,0,0,0,0,1,1,0,,
948,,,OFF,OFF,0,0,0,0,0,0,0,0,1,1,0,,
949,,,OFF,OFF,0,0,0,0,0,0,0,0,1,1,0,,
950,,,OFF,OFF,0,0,0,0,0,0,0,0,1,1,0,,
951,,,OFF,OFF,0,0,0,0,0,0,0,0,1,1,0,,
952,,,OFF,OFF,0,0,0,0,0,0,0,0,1,1,0,,
953,,,OFF,OFF,0,0,0,0,0,0,0,0,1,1,0,,
954,,,OFF,OFF,0,0,0,0,0,0,0,0,1,1,0,,
955,,,OFF,OFF,0,0,0,0,0,0,0,0,1,1,0,,
956,,,OFF,OFF,0,0,0,0,0,0,0,0,1,1,0,,
957,,,OFF,OFF,0,0,0,0,0,0,0,0,1,1,0,,
958,,,OFF,OFF,0,0,0,0,0,0,0,0,1,1,0,,
959,,,OFF,OFF,0,0,0,0,0,0,0,0,1,1,0,,
960,,,OFF,OFF,0,0,0,0,0,0,0,0,1,1,0,,
961,,,OFF,OFF,0,0,0,0,0,0,0,0,1,1,0,,
962,,,OFF,OFF,0,0,0,0,0,0,0,0,1,1,0,,
963,,,OFF,OFF,0,0,0,0,0,0,0,0,1,1,0,,
964,,,OFF,OFF,0,0,0,0,0,0,0,0,1,1,0,,
965,,,OFF,OFF,0,0,0,0,0,0,0,0,1,1,0,,
966,,,OFF,OFF,0,0,0,0,0,0,0,0,1,1,0,,
967,,,OFF,OFF,0,0,0,0,0,0,0,0,1,1,0,,
968,,,OFF,OFF,0,0,0,0,0,0,0,0,1,1,0,,
969,,,OFF,OFF,0,0,0,0,0,0,0,0,1,1,0,,
970,,,OFF,OFF,0,0,0,0,0,0,0,0,1,1,0,,
971,,,OFF,OFF,0,0,0,0,0,0,0,0,1,1,0,,
972,,,OFF,OFF,0,0,0,0,0,0,0,0,1,1,0,,
973,,,OFF,OFF,0,0,0,0,0,0,0,0,1,1,0,,
974,,,OFF,OFF,0,0,0,0,0,0,0,0,1,1,0,,
975,,,OFF,OFF,0,0,0,0,0,0,0,0,1,1,0,,
976,,,OFF,OFF,0,0,0,0,0,0,0,0,1,1,0,,
977,,,OFF,OFF,0,0,0,0,0,0,0,0,1,1,0,,
978,,,OFF,OFF,0,0,0,0,0,0,0,0,1,1,0,,
979,,,OFF,OFF,0,0,0,0,0,0,0,0,1,1,0,,
980,,,OFF,OFF,0,0,0,0,0,0,0,0,1,1,0,,
981,,,OFF,OFF,0,0,0,0,0,0,0,0,1,1,0,,
982,,,OFF,OFF,0,0,0,0,0,0,0,0,1,1,0,,
983,,,OFF,OFF,0,0,0,0,0,0,0,0,1,1,0,,
984,,,OFF,OFF,0,0,0,0,0,0,0,0,1,1,0,,
985,,,OFF,OFF,0,0,0,0,0,0,0,0,1,1,0,,
986,,,OFF,OFF,0,0,0,0,0,0,0,0,1,1,0,,
987,,,OFF,OFF,0,0,0,0,0,0,0,0,1,1,0,,
988,,,OFF,OFF,0,0,0,0,0,0,0,0,1,1,0,,
989,,,OFF,OFF,0,0,0,0,0,0,0,0,1,1,0,,
990,,,OFF,OFF,0,0,0,0,0,0,0,0,1,1,0,,
