addr,file_off,string
0x0800022d,0x22d,`pGf))
0x080003dc,0x3dc,pGpGRT-950      
0x08000439,0x439,(>\7
0x080004e4,0x4e4,\5:B
0x08000519,0x519,&`7Q
0x08000531,0x531,Y-MTU
0x08000562,0x562,-3wT
0x08000568,0x568,.^YgW
0x080005ec,0x5ec,O<O!
0x08000662,0x662,d~Qc9
0x080006bd,0x6bd,tfB{
0x08000720,0x720,B6Iu
0x08000858,0x858,{DiF
0x0800089b,0x89b,G j@
0x080008bd,0x8bd,G j@
0x080008fb,0x8fb,D(b(F
0x08000925,0x925,hu)1F
0x0800096a,0x96a,00xT
0x08000976,0x976,#F*F0F
0x08000a13,0xa13,]^TI
0x08000a65,0xa65,G j@
0x08000a6f,0xa6f,%_F F
0x08000b3b,0xb3b,eJF1F F%`MF
0x08000b93,0xb93,HxDjF
0x08000bda,0xbda,pGpGpGRT-950      
0x08000cca,0xcca,IFPF
0x08000cf8,0xcf8,@F)h
0x08000fcf,0xfcf,+pGO
0x08001013,0x1013,+pGO
0x08001021,0x1021,"F 9"""
0x080010bd,0x10bd,HpG8
0x0800119d,0x119d,FAFHF
0x08001221,0x1221,G j@
0x08001228,0x1228, bNE
0x08001243,0x1243,G j@
0x0800125d,0x125d,G j@
0x080012df,0x12df,5EC/
0x080013b0,0x13b0,02bUm
0x080013c6,0x13c6, x0(
0x080013e0,0x13e0,02bUm
0x080013fc,0x13fc,"#\b\cT""T@"
0x08001473,0x1473,FAF F
0x0800161b,0x161b,G j@
0x08001620,0x1620, b x
0x08001645,0x1645,G j@
0x08001667,0x1667,G j@
0x08001681,0x1681,G j@
0x08001711,0x1711,F(F$
0x08001741,0x1741,0pG-
0x08001787,0x1787,F)F-(
0x0800186a,0x186a,",F]F"
0x080018da,0x18da,BFhF
0x08001935,0x1935,Cp`i
0x08001bf7,0x1bf7,IyDQa
0x08001c30,0x1c30,pGBhZ
0x08001c4b,0x1c4b, pGO
0x08001c51,0x1c51,0pG-
0x08001c7e,0x1c7e,JF9F F
0x08001de3,0x1de3,G j@
0x08001ea3,0x1ea3,'=F9F
0x08001f43,0x1f43,We(=
0x08001fc6,0x1fc6,#FjFo
0x08002074,0x2074,c(OF
0x080020a6,0x20a6,IFbi
0x080020b1,0x20b1,G!i9
0x080020fb,0x20fb,( yO
0x08002104,0x2104,"[F""F"
0x0800223a,0x223a,3HxD
0x08002244,0x2244,0HxD
0x0800228a,0x228a,2FhF
0x080022e4,0x22e4,2FiF
0x0800238a,0x238a,pGuF
0x08002396,0x2396,iFSF 
0x080025bf,0x25bf,1(@!@
0x0800261e,0x261e,(@!@
0x0800263d,0x263d,FaA-
0x08002712,0x2712,KPAI@
0x08002820,0x2820,INFINITY
0x080028bc,0x28bc,Invalid Operation
0x080028d0,0x28d0,Divide By Zero
0x080028e0,0x28e0,Overflow
0x080028ec,0x28ec,Underflow
0x080028f8,0x28f8,Inexact Result
0x08002908,0x2908,SIGFPE: Arithmetic exception: 
0x08002c70,0x2c70,bF9FN
0x08002c7e,0x2c7e,RAIAK
0x08002c94,0x2c94,bF9FN
0x08002ca2,0x2ca2,RAIAK
0x08002cb8,0x2cb8,bF9FN
0x08002cf9,0x2cf9,~}|{zyxwvvutsrqqponnmllkjjihhgffeddccbaa``__^^]]\\[[ZZYYXXWWVVUUUTTSSRRRQQPPPOOONNMMMLLLKKKJJJIIIHHHGGGGFFFEEEDDDDCCCCBBBBAAA
0x08002e37,0x2e37,! 3[B
0x08003211,0x3211,C#CLyB
0x0800327f,0x327f,CDcp
0x080032fb,0x32fb,HDq@
0x08003365,0x3365,"f,glg"
0x0800338d,0x338d, HrpG
0x08003494,0x3494,L< F
0x08003536,0x3536,[$`C
0x0800353b,0x353b,\!8 DR
0x080035c6,0x35c6,%puq
0x080035d8,0x35d8,&IKyB
0x0800366a,0x366a,8Suq
0x08003699,0x3699,d`h `@F
0x080036b9,0x36b9,`!iI
0x080036d4,0x36d4,IF@F
0x0800380b,0x380b,O[N0F
0x08003828,0x3828, !0F
0x080038b3,0x38b3,!!r `
0x080038bd,0x38bd,  ueu
0x080038d4,0x38d4,.H9F
0x080038e5,0x38e5,XAFHF
0x08003902,0x3902,:FQFXF
0x08003926,0x3926,9FPF
0x0800394f,0x394f,"""w!0F"
0x08003958,0x3958,}!0F
0x08003960,0x3960, !0F
0x08003970,0x3970,AFHF
0x080039e9,0x39e9, `pe
0x08003a46,0x3a46,&H&I
0x08003a87,0x3a87,  pp|
0x08003b4f,0x3b4f,A3L x
0x08003b5a,0x3b5a,2O2M
0x08003b6b,0x3b6b,r Fax@
0x08003b8d,0x3b8d, `p8x
0x08003c86,0x3c86,LpKq
0x08003c92,0x3c92,JpKq
0x08003d15,0x3d15,D04S
0x08003d7e,0x3d7e,:#RF
0x08003f02,0x3f02,ZHAx
0x08004063,0x4063,HFpG
0x08004073,0x4073, Beacon List
0x0800408c,0x408c,%02d
0x08004094,0x4094,%s-%d
0x0800409c,0x409c,---------
0x080040ab,0x40ab, %02d:%02d
0x080040b8,0x40b8,--.--
0x08004216,0x4216,!F@F
0x0800423c,0x423c,l$AF
0x0800425c,0x425c,<!p$
0x08004285,0x4285,F F#
0x080042a9,0x42a9,F F#
0x080042c7,0x42c7,F F#
0x080042e5,0x42e5,F F#
0x08004303,0x4303,F F#
0x08004321,0x4321,F F#
0x0800433f,0x433f,F F#
0x0800435b,0x435b,F F#
0x08004450,0x4450,AF0F
0x08004466,0x4466, DEp
0x080044b0,0x44b0,AF0F
0x080044e7,0x44e7, T:%02d:%02d:%02d
0x080044ff,0x44ff, GPS
0x0800451b,0x451b, H:--.--
0x08004524,0x4524,:%.5f
0x08004576,0x4576," D """
0x080045e2,0x45e2, DEp@
0x080045ea,0x45ea,CF2F&
0x080045f8,0x45f8, DEp5
0x0800462a,0x462a, DEpL
0x08004632,0x4632,CF2F
0x0800464b,0x464b, H:%d.%dm
0x0800465f,0x465f,@H:%.2fft
0x0800466c,0x466c,- --
0x08004671,0x4671," --'--"""
0x08004680,0x4680, %.2f'
0x08004688,0x4688,:%02d
0x0800468e,0x468e," %02d'%02d"""
0x0800469c,0x469c,- ---
0x080046a2,0x46a2," --'--"""
0x080046ac,0x46ac,:%03d
0x080046b2,0x46b2," %02d'%02d"""
0x0800472e,0x472e,:#BF
0x08004787,0x4787,e$!XF
0x080047a4,0x47a4,\#D 
0x08004b0c,0x4b0c,%s-%d
0x08004b1c,0x4b1c,--/--
0x08004b24,0x4b24,%02d/%02d
0x08004b3a,0x4b3a,zD%.0fm
0x08004b47,0x4b47,D%.1fnmi
0x08004b53,0x4b53,D%.1fmi
0x08004b5e,0x4b5e,zD%.1fKm
0x08004b68,0x4b68,-Km    
0x08004b70,0x4b70,-nmi   
0x08004b78,0x4b78,-mi    
0x08004b80,0x4b80,%02d:%02d
0x08004b8f,0x4b8f, SPD:
0x08004b98,0x4b98,%dKm/h
0x08004ba0,0x4ba0,--:--
0x08004bb3,0x4bb3,?%.1fKn
0x08004be9,0x4be9,'9F0F
0x08004c4e,0x4c4e,9F@F
0x08004c85,0x4c85,#@Ft
0x08004cdc,0x4cdc,F%x$
0x08004ce3,0x4ce3,zP'#F:F
0x08004cf5,0x4cf5,"""!F(F"
0x08004d01,0x4d01,"#(""!F(F"
0x08004d12,0x4d12,"3F""F9F(F"
0x08004d2d,0x4d2d,"';F""F"
0x08004d3d,0x4d3d,"""!F(F"
0x08004d49,0x4d49,"#(""!F(F"
0x08004d5a,0x4d5a,"3Fn""!FHF"
0x08004d6a,0x4d6a,3F:F!F(F
0x08004d98,0x4d98,t! F
0x08004daa,0x4daa,":$J#""F"
0x08004dc6,0x4dc6,)F F
0x08004dee,0x4dee,)F F
0x08004e4a,0x4e4a,IF F
0x08004fc0,0x4fc0,%.1fMPH
0x08004fc8,0x4fc8,-Km/h   
0x08004fd4,0x4fd4,DIR:
0x08004fe4,0x4fe4,-Kn   
0x08004fec,0x4fec,-MPH   
0x08005004,0x5004,ALT:
0x08005020,0x5020,%c %2d
0x08005027,0x5027, %02d.%02d'
0x08005034,0x5034,%c %3d
0x0800503b,0x503b, %02d.%02d'
0x08005052,0x5052,Q@%.1fft
0x0800505c,0x505c,| STATUS TEXT |
0x0800506c,0x506c,| COMMENT TEXT |
0x080051a0,0x51a0,'!0F
0x08005294,0x5294,| RAW DATA |
0x080052dc,0x52dc,:#2F
0x0800535a,0x535a,<&@F|!O
0x08005397,0x5397,#QF0F
0x080053b2,0x53b2,X$!F
0x080053cc,0x53cc,Z&0F
0x0800544f,0x544f,#QF0F
0x0800549c,0x549c,Z$ F
0x080054e0,0x54e0,qy0y
0x08005698,0x5698,X&1F F
0x080056cb,0x56cb, Real Time Beacon
0x080056f3,0x56f3, CALL:
0x08005700,0x5700,SPD:
0x0800570b,0x570b, %dKm/h
0x08005714,0x5714,No Data
0x08005724,0x5724,DIR:
0x0800573c,0x573c,--.--
0x08005758,0x5758,TIME:
0x08005768,0x5768,--:--:--
0x08005774,0x5774,%02d:%02d:%02d
0x08005784,0x5784,DATE:
0x080057b0,0x57b0,1F F
0x080057e7,0x57e7,#QF0F
0x08005987,0x5987, _!l
0x08005aba,0x5aba,'!0F
0x08005b8c,0x5b8c,%02d/%02d
0x08005b98,0x5b98,--/--
0x08005ba0,0x5ba0,PATH INFO:
0x08005bc0,0x5bc0,| STATUS TEXT |
0x08005bd0,0x5bd0,| COMMENT TEXT |
0x08005be4,0x5be4,| RAW DATA |
0x08005c7a,0x5c7a,!F0F
0x08005d04,0x5d04,!F0F
0x08005eca,0x5eca,X! F
0x08005f42,0x5f42,9F F
0x08005f62,0x5f62,X!HF
0x08005fbe,0x5fbe,IF8F
0x08005fde,0x5fde,X! F
0x08006017,0x6017,?%.1fKn
0x08006027,0x6027,?%.1fMPH
0x08006030,0x6030,---.----
0x0800603c,0x603c,ALT:
0x08006047,0x6047, %dm
0x0800605b,0x605b,@%.1fft
0x08006064,0x6064,----.---
0x08006073,0x6073, DIS:
0x0800608e,0x608e,zD%.0fm
0x0800609b,0x609b,D%.3fnmi
0x080060a7,0x60a7,D%.3fmi
0x080060b2,0x60b2,zD%.3fkm
0x080060bc,0x60bc,LONG:
0x080060c4,0x60c4,%.5f
0x080060cc,0x60cc,LAT:
0x08006108,0x6108,";F""F"
0x0800614c,0x614c,KF:F
0x08006167,0x6167, %.2f'
0x08006173,0x6173," %d'%d"""
0x08006302,0x6302,E (p)F
0x0800633e,0x633e, x/(
0x08006352,0x6352,/p)F`
0x0800637c,0x637c,)F F
0x080063c1,0x63c1,yz(-
0x0800640f,0x640f,y/(L
0x080064ae,0x64ae,/p)F`
0x080064e2,0x64e2,JpHx
0x08006562,0x6562,8L8K
0x0800664f,0x664f,C4K2N
0x080067b3,0x67b3,L@z!
0x08006875,0x6875,s1F8F
0x0800689c,0x689c,1F8F
0x08006987,0x6987,-IxB
0x080069e3,0x69e3,"&""MO"
0x08006aab,0x6aab,"""1F>"
0x08006b94,0x6b94,"e66"""
0x08006d2f,0x6d2f,O(]qh
0x08006ff5,0x6ff5,  ```
0x080070ec,0x70ec, xP(
0x080070f8,0x70f8,`xH(
0x08007112,0x7112, xR(
0x0800711e,0x711e,`xN(
0x08007138,0x7138, xD(
0x08007144,0x7144,`xF(
0x08007173,0x7173,"""iF(F"
0x080071d6,0x71d6,`  p
0x0800730d,0x730d,q/  r
0x08007317,0x7317,qD  r
0x0800732c,0x732c,}  s
0x0800735c,0x735c,"(""O1"
0x08007375,0x7375,%3FYF
0x08007388,0x7388,[b>R$
0x08007485,0x7485,h)FI 
0x080074e0,0x74e0,|!: 
0x080074f4,0x74f4,4a( 
0x080074fe,0x74fe,*A) 
0x0800752f,0x752f,h1F~ 
0x08007545,0x7545,h9FJ 
0x08007557,0x7557,h)FI 
0x0800755f,0x755f,h9FJ 
0x0800757e,0x757e,;qO 
0x0800758f,0x758f,h1F~ 
0x08007595,0x7595,Gah@ 
0x080075c4,0x75c4,"""qt "
0x080075cf,0x75cf,h)FD 
0x080075d9,0x75d9,h1FE 
0x080075eb,0x75eb,h)FT 
0x080075f3,0x75f3,h1FU 
0x08007641,0x7641,F^JP|
0x080076aa,0x76aa,"DI`"""
0x080076c0,0x76c0,">I """
0x080076cc,0x76cc,"-""QF>H"
0x080076e1,0x76e1,_6I6H
0x0800775d,0x775d,""" ! 8"
0x0800776b,0x776b,"""@!@8"
0x08007846,0x7846,%Q F
0x0800789a,0x789a,%Q F
0x080078db,0x78db,pDpp
0x080078fd,0x78fd,`\`p
0x08007926,0x7926,A`Ah
0x08007931,0x7931,"`pG,"
0x08007943,0x7943, pG@
0x08007a73,0x7a73,@ZIH@ZI
0x08007c07,0x7c07,F!F0
0x08007ccf,0x7ccf,\`@R
0x08007cdf,0x7cdf,A3O8x
0x08007d0d,0x7d0d,$*H*I
0x08007e3e,0x7e3e,h`hh
0x08007e85,0x7e85,%-*.*s
0x08007e9f,0x7e9f,&&pd%
0x08007f0b,0x7f0b,2bq q
0x08007f5a,0x7f5a,_&d(
0x08007f73,0x7f73,"qfqU2""qL1"
0x08007fa6,0x7fa6,L3cq&q
0x08007fc4,0x7fc4,L3cq&qU2
0x08007fe2,0x7fe2,"U2""qL1"
0x08007ff0,0x7ff0,L3#q
0x08008084,0x8084, 0pG
0x080080e4,0x80e4,58VU09JBp
0x0800817f,0x817f,`pGI
0x080081d7,0x81d7,`QhI
0x08008235,0x8235,&cH|!
0x08008260,0x8260,>0|!
0x0800828b,0x828b,"""iF0F"
0x08008423,0x8423,"""1F(F"
0x080084f3,0x84f3,F1M`h
0x080085e7,0x85e7,"""1F(F"
0x08008668,0x8668,@q(F
0x0800875a,0x875a,Fa@{
0x08008766,0x8766,"YF ""(F"
0x08008840,0x8840, a'c
0x08008893,0x8893,uftT
0x080088f6,0x88f6, a'c
0x08008a2a,0x8a2a,e4ep
0x08008a7f,0x8a7f, pG?)
0x08008ae7,0x8ae7,YIFPF
0x08008b44,0x8b44,IFPF
0x08008c2a,0x8c2a,%L%I
0x08008d29,0x8d29, pG(
0x08008e02,0x8e02,FH8!
0x08008f1f,0x8f1f, WIDE2
0x08008f28,0x8f28,WIDE1
0x08008f33,0x8f33,GLM(x
0x08008fb4,0x8fb4,3H8!
0x0800903b,0x903b,"""+1@F"
0x0800905b,0x905b,I8F^1
0x0800907b,0x907b, APRS  
0x08009087,0x9087, WIDE2
0x08009090,0x9090,WIDE1
0x0800915b,0x915b,!hFB
0x080091ea,0x91ea,)F F
0x08009234,0x9234,09JB58VU
0x0800928c,0x928c,"@$""F"
0x080098fd,0x98fd,&Ax(F
0x08009943,0x9943, (rnp
0x0800994b,0x994b,"OR,8x"
0x080099c0,0x99c0, ! F
0x080099ca,0x99ca,@! F
0x08009c81,0x9c81,"wpG,"
0x08009cd9,0x9cd9,h@x(p
0x08009cfc,0x9cfc, F%y
0x08009d81,0x9d81, pG8
0x08009db5,0x9db5,apG0
0x08009dd2,0x9dd2,RMRL
0x08009e09,0x9e09,pFIHx
0x08009e34,0x9e34,<IH}
0x08009e3c,0x9e3c,Hu`x
0x08009f4a,0x9f4a,HH@~
0x08009f58,0x9f58,FMhx
0x0800a016,0xa016,``hm
0x0800a05f,0xa05f," (p,q"
0x0800a13d,0xa13d,"`pG,"
0x0800a212,0xa212,2F(F
0x0800a234,0xa234,2FY!
0x0800a23f,0xa23f,"""Y!u "
0x0800a27e,0xa27e,2FY!u 
0x0800a29f,0xa29f,"""Y!u "
0x0800a2a8,0xa2a8,2FY!
0x0800a306,0xa306,2FY!
0x0800a32d,0xa32d,@Y!u 
0x0800a337,0xa337,"""Y!u "
0x0800a3c6,0xa3c6,S `p
0x0800a3cc,0xa3cc,N `pQ
0x0800a46e,0xa46e,W `q
0x0800a474,0xa474,E `qQ
0x0800a4ca,0xa4ca, rhz ((
0x0800a4d3,0xa4d3,z )%
0x0800a52e,0xa52e,AxA)
0x0800a604,0xa604,"$PCAS03,5,0,0,0,0,3,7,60*"
0x0800a627,0xa627,F'MAh
0x0800a62d,0xa62d,&jz&KP)
0x0800a687,0xa687,\``p
0x0800a6a7,0xa6a7,\``p
0x0800a6ad,0xa6ad, ``p
0x0800a6b2,0xa6b2,i ``p
0x0800a6c1,0xa6c1,\``p
0x0800a700,0xa700,#='1
0x0800a77e,0xa77e, H@h
0x0800a790,0xa790,"!,:2"
0x0800a90b,0xa90b,L#h@
0x0800a927,0xa927,"C""`0"
0x0800a9df,0xa9df,IH`pG
0x0800a9f7,0xa9f7,IH`pG
0x0800aa55,0xaa55,`pG0
0x0800aa6b,0xaa6b,"E,C#C"
0x0800aa75,0xaa75,i#CLj#C
0x0800aaa7,0xaaa7,`6I6J
0x0800aab8,0xaab8,H`pG1J
0x0800aaca,0xaaca,H`pG-J(2
0x0800aada,0xaada,p`H`pG(J<2
0x0800aaec,0xaaec,p@H`pG$JP2
0x0800aafe,0xaafe,p H`pG
0x0800ab12,0xab12,H`pG
0x0800ab22,0xab22,p`H`pG
0x0800ab96,0xab96, E7N
0x0800ab9f,0xab9f,`5HJ0
0x0800ad49,0xad49,`pGp
0x0800adc3,0xadc3, All Band Test Mode
0x0800adeb,0xadeb,"F ""'I"
0x0800ae04,0xae04,"m#O"""
0x0800ae20,0xae20,F!O 
0x0800ae7e,0xae7e,4!O 
0x0800ae98,0xae98,144-146/430-440
0x0800aea8,0xaea8,Super Mode
0x0800af66,0xaf66,)F0F
0x0800af76,0xaf76,;FjF
0x0800af88,0xaf88,%03d.%05d
0x0800af96,0xaf96,-I-MJx
0x0800b0aa,0xb0aa,1'P!
0x0800b136,0xb136,"1'P"""
0x0800b1da,0xb1da,+F9F
0x0800b1fc,0xb1fc,AF8F
0x0800b26a,0xb26a,AF8F
0x0800b2d8,0xb2d8,    
0x0800b2e8,0xb2e8,    
0x0800b2f0,0xb2f0,VFO Mode    
0x0800b300,0xb300,CH Mode    
0x0800b30c,0xb30c, CH-%03d 
0x0800b31c,0xb31c,%03d.%05d
0x0800b39f,0xb39f,"#(""i!"
0x0800b3ba,0xb3ba,@Ap{
0x0800b428,0xb428,%03d
0x0800b440,0xb440,Zone%d
0x0800b486,0xb486,)F0F
0x0800b496,0xb496,;FjF
0x0800b4a8,0xb4a8,%03d.%05d
0x0800b4e6,0xb4e6,^!& 
0x0800b4f9,0xb4f9,"dt#R"""
0x0800b50a,0xb50a,6!R 
0x0800b5a2,0xb5a2,6!8F
0x0800b5b3,0xb5b3, DTMF
0x0800b5bc,0xb5bc,----------
0x0800b5ed,0xb5ed,"""x! F"
0x0800b785,0xb785,"""9F F"
0x0800b7e9,0xb7e9,"""9F F"
0x0800b843,0xb843,"""9F F"
0x0800b8c8,0xb8c8,'Npx
0x0800b92a,0xb92a, q<(
0x0800b973,0xb973, %02d:%02d
0x0800b9cf,0xb9cf,|sp@
0x0800bb14,0xbb14,6! F
0x0800bb9f,0xbb9f, 123
0x0800bc48,0xbc48,&! F
0x0800bca1,0xbca1,"""x! F"
0x0800bcf4,0xbcf4,1F F
0x0800bd04,0xbd04,%03d.%05d
0x0800bda3,0xbda3,#BF%!
0x0800bdc0,0xbdc0,p[ZFAF8F
0x0800be2f,0xbe2f, Voltage 
0x0800be40,0xbe40, %d.%dV
0x0800be7d,0xbe7d,FX!d 
0x0800bea8,0xbea8,Program...
0x0800bf1a,0xbf1a,OJPx
0x0800c063,0xc063, +%02d
0x0800c140,0xc140,  D%03oI
0x0800c14c,0xc14c,  D%03oN
0x0800c158,0xc158,  %d.%dHz
0x0800c164,0xc164,%*.*s
0x0800c2a0,0xc2a0,9F(F
0x0800c2b4,0xc2b4,%d.%05d 
0x0800c354,0xc354,%-*.*s
0x0800c37c,0xc37c,py2F
0x0800c3b7,0xc3b7, OIPJ
0x0800c3e4,0xc3e4,"AH """
0x0800c3f2,0xc3f2,"""ppy"
0x0800c4a0,0xc4a0,(DGt
0x0800c4cc,0xc4cc,#D+D
0x0800c4ef,0xc4ef, %s %s
0x0800c5ac,0xc5ac,RMSO
0x0800c5bc,0xc5bc,"##'"""
0x0800c61a,0xc61a,"##'"""
0x0800c692,0xc692,"##'"""
0x0800c6d8,0xc6d8,"##'"""
0x0800c819,0xc819,"""IF F"
0x0800c8af,0xc8af,"""IF F"
0x0800c8d3,0xc8d3,F)! F
0x0800c8e9,0xc8e9,Fm! F
0x0800c923,0xc923, RSSI
0x0800c92c,0xc92c, TX 
0x0800c9e3,0xc9e3,FX!d 
0x0800ca6d,0xca6d,"#1"":! F"
0x0800ca7f,0xca7f,"""x! F"
0x0800ca88,0xca88,3H5J
0x0800cacf,0xcacf,"#1"":! F"
0x0800cbc7,0xcbc7,"""1F8F"
0x0800cd02,0xcd02,gIgJcE
0x0800cec4,0xcec4,APRS
0x0800cfff,0xcfff,L`xX
0x0800d0c8,0xd0c8,"""FK!< "
0x0800d105,0xd105,F>! F
0x0800d135,0xd135,F>! F
0x0800d153,0xd153,F>! F
0x0800d1cc,0xd1cc,Hardware:UV850PRO
0x0800d1e0,0xd1e0, Hardware:BJ9000
0x0800d1f6,0xd1f6,(H(LO
0x0800d302,0xd302,&'1$P%@{
0x0800d34d,0xd34d,"!""F8F"
0x0800d3a6,0xd3a6,*FP!
0x0800d47c,0xd47c,%03d.%05d
0x0800d497,0xd497,M(F)z
0x0800d4a9,0xd4a9,"`(a,i+h"
0x0800d4ce,0xd4ce,@0(a
0x0800d4d4,0xd4d4,nr/r
0x0800d500,0xd500,/unu
0x0800d5dd,0xd5dd,IHhX
0x0800d5e4,0xd5e4,"H`d"""
0x0800d668,0xd668,AN0{
0x0800d671,0xd671, 0s?M
0x0800d6f8,0xd6f8,6 71
0x0800d862,0xd862,nt.uh|
0x0800d8a9,0xd8a9, ht(}h
0x0800da6f,0xda6f,  up
0x0800db5c,0xdb5c,lqiy
0x0800db76,0xdb76, !HF
0x0800dba4,0xdba4, !HF
0x0800dbbc,0xdbbc,lq(y8
0x0800dc32,0xdc32,(poq
0x0800dc38,0xdc38, !HF
0x0800dc46,0xdc46, !HF
0x0800dc75,0xdc75,L p !(F
0x0800de2b,0xde2b,"$,p(I"
0x0800de31,0xde31," Hp,r"
0x0800de5a,0xde5a,/p(z 
0x0800de8c,0xde8c,.pY!
0x0800dea4,0xdea4,",phx@"
0x0800deb2,0xdeb2,/p(x
0x0800dedf,0xdedf,G`H@~
0x0800def7,0xdef7,'gw]M]N
0x0800df08,0xdf08, !HF
0x0800df38,0xdf38, !HF
0x0800e206,0xe206,",phF"
0x0800e230,0xe230,R&W'O
0x0800e266,0xe266,(|F(
0x0800e2d2,0xe2d2,(|M(
0x0800e2ee,0xe2ee,(|S(
0x0800e316,0xe316,(|R(
0x0800e4a1,0xe4a1,qpG8
0x0800e52b,0xe52b,A$Mlx
0x0800e534,0xe534,+F#HZy
0x0800e563,0xe563, hp#
0x0800e5de,0xe5de,"FLFIGH""y"
0x0800e703,0xe703, DCS SCAN
0x0800e713,0xe713, CTCSS SCAN
0x0800e7b1,0xe7b1,F$hd
0x0800e7d0,0xe7d0,"Xh4\L`,\"
0x0800e80b,0xe80b, X`Xh
0x0800e815,0xe815,x)T *
0x0800e95f,0xe95f,F.L`x
0x0800ea9d,0xea9d,!ap!u
0x0800eba8,0xeba8,0`%`8F
0x0800ebd2,0xebd2,0a%`8F
0x0800ec02,0xec02,0e%`8F
0x0800ec27,0xec27,JB`AdBdpG#
0x0800ecd7,0xecd7,L@! F
0x0800ece6,0xece6,@! F
0x0800ed45,0xed45,@?!O
0x0800ee36,0xee36,>p y
0x0800ee3b,0xee3b,v`y(w
0x0800ee68,0xee68,>p y
0x0800ee6d,0xee6d,v`y(w
0x0800eec2,0xeec2,&H&LG
0x0800f1f5,0xf1f5,hAyR
0x0800f265,0xf265,FiF F
0x0800f293,0xf293, Unnamed CH
0x0800f30e,0xf30e,Rx*T2
0x0800f32c,0xf32c,)\\x
0x0800f334,0xf334,",TYp1"
0x0800f343,0xf343,pKp@
0x0800f384,0xf384,:FiF
0x0800f395,0xf395,#A]!B
0x0800f3d9,0xf3d9,XBF1F8F
0x0800f3ef,0xf3ef,"F ""IF"
0x0800f3f8,0xf3f8,(h`ahh
0x0800f403,0xf403,aBF1F8F
0x0800f567,0xf567,0:F1F
0x0800f574,0xf574,9F0F
0x0800f591,0xf591,"5g""O!(F"
0x0800f5a0,0xf5a0,g!HC
0x0800f605,0xf605,"""iF F"
0x0800f887,0xf887,wyCAa9FNC
0x0800f8d1,0xf8d1,a9FNC
0x0800f913,0xf913,wyCAb9FNC
0x0800f981,0xf981,b1FJC
0x0800f987,0xf987,c'IO
0x0800f993,0xf993,cAcO
0x0800f9ad,0xf9ad,c IAcB
0x0800fa75,0xfa75,""")F F"
0x0800fae0,0xfae0,)F0F
0x0800fb18,0xfb18,"`""!F"
0x0800fb26,0xfb26,^! F
0x0800fb36,0xfb36," ""!F H"
0x0800fbec,0xfbec,"R""iF"
0x0800fbf8,0xfbf8,P!hF
0x0800fc08,0xfc08,"P""iF"
0x0800fc44,0xfc44,"<""iF"
0x0800fc52,0xfc52,:!hF
0x0800fc62,0xfc62,"@""iF"
0x0800fcf8,0xfcf8,lvlp
0x0800fd5f,0xfd5f,"H "" 1$0"
0x0800fd6d,0xfd6d,"H ""@1"
0x0800fdbf,0xfdbf,"Fy""""I "
0x0800fdfc,0xfdfc,"y""iF(F"
0x0800fe5c,0xfe5c,h!hF
0x0800fe67,0xfe67,"6g""O!0F"
0x0800fe73,0xfe73,"FmFe"""
0x0800fea3,0xfea3,"""iF(F"
0x0800feb4,0xfeb4,"g""iF"
0x0800fed5,0xfed5,"pg""iF0F"
0x0800fef1,0xfef1,F !hF
0x0800fefc,0xfefc," ""iF"
0x0800ff04,0xff04," ""1FhF"
0x0800ff20,0xff20,*F1F F
0x0800ff4a,0xff4a," E""F"
0x0800ffe7,0xffe7,"""AF(F"
0x08010064,0x10064," ""(I"
0x0801006e,0x1006e,"-""&I"
0x080100b0,0x100b0,"@""AF(F"
0x080101a4,0x101a4,JpIx
0x08010322,0x10322,ZDUx
0x08010370,0x10370,FF@F
0x080103ff,0x103ff,"M/,$"
0x08010410,0x10410,"P""iF(F"
0x08010483,0x10483,"F@""$I "
0x080104c6,0x104c6,":""iF(F"
0x08010530,0x10530,`F !0F
0x080105b1,0x105b1,"""iF(F"
0x080105cf,0x105cf,AALBO
0x080105f0,0x105f0," ""AF"
0x080105fc,0x105fc," "")F0F"
0x08010606,0x10606," ""!F8F"
0x08010610,0x10610,2H`!@8
0x0801064c,0x1064c,"#Ib""@9"
0x08010670,0x10670," ""!F8F"
0x0801067e,0x1067e," ""!F8F"
0x0801068a,0x1068a," "")F0F"
0x08010698,0x10698," "")F0F"
0x080106a5,0x106a5,"H ""AF@8"
0x080106b5,0x106b5,"H ""AF@8"
0x080106c9,0x106c9,"Ib""@9(F"
0x0801070e,0x1070e,"b""AF"
0x0801071c,0x1071c,`!@F
0x0801073c,0x1073c," ""!I"
0x08010749,0x10749,"H ""$1 0"
0x08010757,0x10757,"H ""H1@0"
0x080108ca,0x108ca,5L2!!`ahJ
0x080108d4,0x108d4,!Db`
0x080108ea,0x108ea,e`0!
0x08010b86,0x10b86,#L#M!xhx
0x08010bcb,0x10bcb, hp p
0x08010be4,0x10be4, !(F
0x08010c08,0x10c08, !(F
0x08010e13,0x10e13, VFO
0x08010e1f,0x10e1f, %02d
0x08010e9a,0x10e9a,"d#G"""
0x08010eb2,0x10eb2,F!H 
0x08010efb,0x10efb,"""5!I "
0x08010f26,0x10f26,F!H 
0x08010f34,0x10f34,F!H 
0x08010f6f,0x10f6f, %02d.%03d
0x08010f7c,0x10f7c,%03d.%02d
0x08010f88,0x10f88,%05d
0x08010fe8,0x10fe8,"S#G"""
0x0801101a,0x1101a,6H6NO
0x080110be,0x110be,"l#H"""
0x080110d4,0x110d4,F!H 
0x080110ea,0x110ea,F!H 
0x08011108,0x11108,"c#)"""
0x08011112,0x11112,:H:I
0x08011129,0x11129,"""3!) "
0x08011136,0x11136,V!) 
0x08011147,0x11147,"""P!) "
0x0801116b,0x1116b,"""hxQ"
0x08011174,0x11174,3!) 
0x08011188,0x11188,V!) 
0x08011196,0x11196,V!) 
0x080111a4,0x111a4,V!) 
0x080111b7,0x111b7,"""3!) "
0x080111c4,0x111c4,V!) 
0x08011203,0x11203, 0.15-30
0x08011217,0x11217, 520-1710
0x08011224,0x11224,153-279
0x0801122c,0x1122c, 2.3-30
0x08011238,0x11238, 64-108
0x0801125f,0x1125f,"zc#I""?!5 "
0x08011273,0x11273,"""5!I "
0x080112d5,0x112d5,"#!""~!"
0x0801138d,0x1138d,"I,1Q"
0x080113c1,0x113c1,"#!""~!"
0x080114ac,0x114ac,HHD0P
0x08011521,0x11521,"#!""~!"
0x0801153b,0x1153b,"#!""}!"
0x0801154b,0x1154b,"#!""}!"
0x0801155b,0x1155b,p DN
0x080115a5,0x115a5,"zc#I""?!5 "
0x080115df,0x115df, %sK
0x080115e8,0x115e8, %d 
0x080115f0,0x115f0,%06d
0x080115f8,0x115f8,100K
0x08011604,0x11604,      
0x0801169b,0x1169b,@+!} O
0x08011707,0x11707, Unknow
0x08011762,0x11762,"l#H"""
0x0801177a,0x1177a,U!H 
0x0801178c,0x1178c,SEEK...
0x08011800,0x11800,)! F
0x08011821,0x11821,"""9F@F"
0x08011854,0x11854,+%d0
0x080118e3,0x118e3, FM Initialization
0x080118f8,0x118f8,Please Wait...
0x08011920,0x11920,...  
0x08011992,0x11992,IMIL)F
0x080119e0,0x119e0,ax8J2
0x08011ace,0x11ace,DLBMa
0x08011b04,0x11b04,`x7I1
0x08011bef,0x11bef,AMMNL)F
0x08011c17,0x11c17,0EI1
0x08011c34,0x11c34,ax?J?K2
0x08011d3e,0x11d3e,KLIM`
0x08011d69,0x11d69,0AN6
0x08011d82,0x11d82,ax;K<N3
0x08011e7f,0x11e7f,GYN2!1`qhJ
0x08011e8a,0x11e8a,1Dr`
0x08011eaf,0x11eaf,#OOO
0x08011ec3,0x11ec3,|0(@
0x08011edf,0x11edf,|0(0
0x08011ffa,0x11ffa,}M}LAh
0x08012001,0x12001,"&""xk"
0x08012078,0x12078,_IHh
0x08012089,0x12089,THh@
0x0801222a,0x1222a,!@=I
0x08012292,0x12292,!@#H
0x0801243a,0x1243a,*H@x
0x0801245f,0x1245f,  pp
0x080124a3,0x124a3,  pp
0x080124bb,0x124bb,  pp
0x080127a2,0x127a2,@pP`
0x080127af,0x127af,pP`p
0x08012857,0x12857,PP`p
0x080128da,0x128da,PhnK
0x08012954,0x12954,@pP`
0x08012961,0x12961,pP`y
0x08012970,0x12970,@pP`
0x0801297c,0x1297c,@pP`k
0x08012988,0x12988,@`P`
0x08012995,0x12995,`P`_
0x0801299e,0x1299e,@`P`
0x080129aa,0x129aa,@`P`T
0x080129c1,0x129c1,@P`I
0x080129d7,0x129d7,@P`>
0x080129ed,0x129ed,pP`3
0x08012a03,0x12a03,pP`(
0x08012ae0,0x12ae0,pGAapG
0x08012ae7,0x12ae7,apGO
0x08012afb,0x12afb,`pG-
0x08012b54,0x12b54,1F F
0x08012dab,0x12dab, Bright
0x08012eeb,0x12eeb, Zone
0x08012ef4,0x12ef4,%s %d
0x08012f09,0x12f09, pG(
0x08012f57,0x12f57, CH-%03d
0x08012f63,0x12f63, %03d
0x08013200,0x13200,%dms
0x0801321f,0x1321f,'uhM
0x080132c4,0x132c4,%dsec
0x080132cf,0x132cf, 60sec
0x0801336b,0x1336b, CH-%02d  %d
0x0801337b,0x1337b, CH-%02d       
0x0801338c,0x1338c,CH-%02d %3d.%02d
0x080133ef,0x133ef, %06X
0x080133ff,0x133ff, OFF
0x0801345b,0x1345b, Encryption
0x08013468,0x13468,%s %d
0x08013473,0x13473, OFF
0x080134b8,0x134b8,-%ddb
0x080134c3,0x134c3, AGC
0x08013565,0x13565,$ !+H
0x08013631,0x13631,!(MH
0x08013687,0x13687,`   `a`
0x08013699,0x13699,`U`&```
0x080136b1,0x136b1,  `a`
0x080136ba,0x136ba,@  `a`
0x080136c9,0x136c9,`U`&```
0x080136de,0x136de,BM*hBI
0x08013764,0x13764,"""HH!"
0x08013847,0x13847, OFF
0x0801385c,0x1385c,%dms
0x080138a8,0x138a8,%dsec
0x080138b7,0x138b7, Manual
0x080138ec,0x138ec,%d.%d s
0x08013969,0x13969,!3*'
0x080139e7,0x139e7, %d.%d
0x080139f3,0x139f3, OFF
0x08013a5f,0x13a5f, OFF
0x08013a78,0x13a78,D%03oI
0x08013a80,0x13a80,D%03oN
0x08013ac0,0x13ac0,%d ms
0x08013acf,0x13acf, OFF
0x08013b5e,0x13b5e,%pgp
0x08013b72,0x13b72,%pgp
0x08013b87,0x13b87, CH-%03d
0x08013b90,0x13b90,%03d
0x08013b9b,0x13b9b,I@y1
0x08013bbc,0x13bbc,CODE %d
0x08013c07,0x13c07, Scram%d
0x08013c31,0x13c31,0pGO
0x08013c36,0x13c36,uppG
0x08013caf,0x13caf, Zone
0x08013cb8,0x13cb8,%s %d
0x08013d68,0x13d68,%dsec
0x08013d77,0x13d77, OFF
0x08013e20,0x13e20,%d.%dsec
0x08013ec6,0x13ec6,iFHF
0x08013ef7,0x13ef7,PiFHF
0x08013f12,0x13f12,iFHF
0x08013f34,0x13f34,iFHF
0x08013f53,0x13f53,PiFHF
0x08013f6e,0x13f6e,iFHF
0x08013f82,0x13f82,iFHF
0x08013fa4,0x13fa4,iFHF
0x08013fb4,0x13fb4,@!HF
0x08013fbc,0x13fbc,AFHF
0x08013fd7,0x13fd7,PiFHF
0x08013ff7,0x13ff7,NiF0F
0x08014000,0x14000,AF0F
0x08014011,0x14011,PiF0F
0x08014031,0x14031,LiF F
0x0801404d,0x1404d,PiF F
0x080140f6,0x140f6,%Q F
0x08014188,0x14188,CF:F1F%
0x080141b2,0x141b2, 8^(
0x080141e4,0x141e4,CF:F1F%
0x08014203,0x14203,AlOmN:F
0x0801420f,0x1420f,~QiR~O
0x08014289,0x14289,pp`m
0x080142a5,0x142a5,@p`m
0x080142c1,0x142c1,0p`m
0x080142d3,0x142d3,?q`z
0x0801439b,0x1439b,"""iFO"
0x080143dc,0x143dc,:F8xR
0x080144ad,0x144ad,Dx`8
0x080145df,0x145df,TPh@
0x08014607,0x14607,"F""M#K(x"
0x0801462e,0x1462e,p@  
0x08014638,0x14638,(D)pBp
0x08014641,0x14641,&(xd
0x0801464e,0x1464e,^p1*
0x080146bb,0x146bb,tXh@
0x0801474f,0x1474f,C!`hh
0x0801475c,0x1475c,"&`g``h""("
0x0801477a,0x1477a,``)h
0x08014782,0x14782,0# )
0x0801479a,0x1479a,"&`g`,H"
0x080147a6,0x147a6,&`g`
0x080147be,0x147be,&`g`
0x080147d4,0x147d4,!`/ ``
0x080147dc,0x147dc,!`c`
0x080147ec,0x147ec, `hh
0x0801480a,0x1480a,&`g`
0x08014814,0x14814,&`g`
0x08014820,0x14820,00 `
0x08014832,0x14832,"!`""("
0x080149f9,0x149f9,IJFQ
0x08014a19,0x14a19,"""9FPF"
0x08014a47,0x14a47,#9FPF
0x08014b19,0x14b19,#AF?
0x08014bdf,0x14bdf,` DO
0x08014bf0,0x14bf0,t  DO
0x08014c02,0x14c02,P` DO
0x08014c16,0x14c16,",  DO"
0x08014cd9,0x14cd9,"""9F9"
0x08014d45,0x14d45,#*F9F9
0x08014dd1,0x14dd1,""")F%"
0x08014df7,0x14df7,""")F%"
0x08014e19,0x14e19,F)F%
0x08014e3b,0x14e3b,F)F%
0x08014eb3,0x14eb3,""")F%"
0x08014ed5,0x14ed5,""")F%"
0x08014ef7,0x14ef7,""")F%"
0x08014f14,0x14f14,CFBF)F%
0x08014f8f,0x14f8f,"""!F%"
0x08014fa2,0x14fa2,SFJF!F
0x0801500b,0x1500b,F!F%
0x08015029,0x15029,F!F%
0x0801505f,0x1505f,"""!F%"
0x08015072,0x15072,SFJF!F
0x0801509b,0x1509b,"""!F%"
0x080150bd,0x150bd,"""!F%"
0x08015103,0x15103,"""!F%"
0x0801512d,0x1512d,"""!F%"
0x08015159,0x15159,"""!F%"
0x0801516c,0x1516c,SFJF!F
0x08015398,0x15398,!FHF
0x080153ae,0x153ae,BF1F8F
0x08015468,0x15468,!FHF
0x0801547e,0x1547e,;F2F@F
0x0801556e,0x1556e,"""#1"""
0x080155c6,0x155c6,7tfHU0
0x080156fc,0x156fc,I1HC
0x080157b7,0x157b7,DHppG
0x080157fe,0x157fe,nT)DHpd
0x080158ab,0x158ab, pGpG
0x08015e2f,0x15e2f, +%d
0x08015f02,0x15f02,06&r
0x08015f10,0x15f10,01!r
0x08015f1b,0x15f1b,`00`r
0x08015fb3,0x15fb3,IHxI
0x08016101,0x16101,`pGh
0x080164c7,0x164c7, +%d
0x080166f9,0x166f9,qJx(2
0x080168a7,0x168a7, %3d%04d
0x08016a42,0x16a42,3 %J
0x08016a7b,0x16a7b,L%xM
0x08016e96,0x16e96,3  J
0x0801704f,0x1704f, %03d%03d
0x0801715d,0x1715d,p p u
0x080171d3,0x171d3,"( ,0DhF"
0x080172ef,0x172ef,"#,Fk`"
0x08017329,0x17329,`ihI
0x08017376,0x17376,DMDL)z
0x0801742a,0x1742a,(Dq|
0x0801748f,0x1748f, About Machine
0x080174a0,0x174a0,%-*.*s
0x080174ab,0x174ab, %s%s
0x080174b4,0x174b4,%-*.*s
0x080174c4,0x174c4,RT950Pro-%s
0x080174d3,0x174d3,               
0x080174f4,0x174f4,BJ9000-%s
0x08017500,0x17500,UV850PRO-%s
0x08017516,0x17516,NHNM
0x0801752c,0x1752c,jff6{VF
0x08017534,0x17534,HH@hH
0x08017543,0x17543,"#O""P!"
0x08017557,0x17557,$@N0]
0x08017664,0x17664,%-*.*s
0x08017671,0x17671,%*.*sMHz
0x0801767c,0x1767c,%*.*s
0x08017684,0x17684,%*.*s
0x080176b7,0x176b7,"T""H0#"
0x0801774b,0x1774b, Please close the
0x08017760,0x17760,  AB RPT-Mode  
0x08017827,0x17827, Channel is invalid
0x08017872,0x17872,"-#+""b!"
0x080178f3,0x178f3, Clear Data OK
0x08017973,0x17973, Frequency
0x08017980,0x17980,out of range!
0x08017acb,0x17acb,"!nF.""gh"
0x08017b3f,0x17b3f,LjF-#eh
0x08017c27,0x17c27, No Available Zone!
0x08017c6f,0x17c6f,"T""H0#"
0x08017d03,0x17d03, APRS activation of
0x08017d18,0x17d18,CDCSS is invalid
0x08017d2c,0x17d2c,APRS
0x08017e97,0x17e97, Minute range 0-59
0x08017eac,0x17eac,Longitude range
0x08017ebc,0x17ebc,0-180 degrees
0x08017ed2,0x17ed2,0-180
0x08017edc,0x17edc,Second range 0-59
0x08017ef8,0x17ef8,0-59
0x08017f00,0x17f00,Latitude range
0x08017f10,0x17f10,0-90 degrees
0x08017f26,0x17f26,0-90
0x08017f38,0x17f38,0-59
0x08017fc7,0x17fc7, The device will restart
0x08017fe0,0x17fe0,Please confirm that the
0x08017ff8,0x17ff8,antenna has been replaced!
0x0801805e,0x1805e,"-#+""b!"
0x080180df,0x180df,  Save OK
0x0801819b,0x1819b, Data Error
0x0801822b,0x1822b, FM Initialization
0x08018240,0x18240,Please Wait...
0x08018268,0x18268,...  
0x080182e7,0x182e7, Channel work mode changed!
0x08018304,0x18304,The device will restart
0x08018341,0x18341,H@xA
0x080183f0,0x183f0,Gc#M
0x08018491,0x18491,LahH
0x08018533,0x18533, %-*.*s
0x08018847,0x18847,"#O""P!"
0x08018aef,0x18aef,tHhB
0x08018b7e,0x18b7e,ML x
0x08018bcc,0x18bcc,"""FJDd"
0x08018cbf,0x18cbf, %*.*s
0x08018db3,0x18db3,`Hh@(
0x08018ee7,0x18ee7,M(hO
0x08018ff8,0x18ff8, i9L
0x08019014,0x19014,@g<G
0x0801901e,0x1901e,1I h
0x080191bf,0x191bf,M(x0
0x08019240,0x19240,2&Zh
0x080192d4,0x192d4,0A@h@
0x080192de,0x192de,"X`-""BTXh0"
0x080192fa,0x192fa,"X` ""BTXh8"
0x08019362,0x19362,?M-x
0x0801936f,0x1936f,`Xh@(
0x0801946f,0x1946f,M(x(
0x080194de,0x194de,(N(K
0x0801950d,0x1950d,H08P
0x080195a3,0x195a3,"\0:""T@"
0x080195b4,0x195b4,%07d
0x080195cb,0x195cb,"""w!(F"
0x080195d4,0x195d4,}!(F
0x080195dc,0x195dc, !(F
0x0801969a,0x1969a,BFiF
0x080196ba,0x196ba,:F1F0F
0x080196cc,0x196cc,BFiF
0x080196ea,0x196ea,:F1F0F
0x08019728,0x19728,3L`h
0x08019730,0x19730,`` h
0x0801976e,0x1976e,:F1F
0x08019794,0x19794,*F1F0F
0x080197a3,0x197a3,''u`u
0x080197be,0x197be,*F1F F
0x08019890,0x19890, rh|`q
0x08019908,0x19908,pxA(
0x08019967,0x19967,D!F(F
0x0801997a,0x1997a,!F(F
0x080199b2,0x199b2,"""IHx"
0x080199ba,0x199ba,!H@x
0x08019afc,0x19afc, I h
0x08019d3a,0x19d3a,"""x$*"
0x08019d54,0x19d54, x$(
0x08019e9a,0x19e9a,"`\,("
0x08019ed2,0x19ed2,"f\,."
0x08019f2e,0x19f2e,!\.)
0x08019f3e,0x19f3e,"!\,)"
0x08019f68,0x19f68,"""\,*"
0x08019f86,0x19f86,!\.)
0x08019f9e,0x19f9e,"!\,)"
0x08019fc8,0x19fc8,"""\.*"
0x08019fdf,0x19fdf," ""\,*"
0x0801a115,0x1a115,=hx@
0x0801a1e5,0x1a1e5, (p.q
0x0801a227,0x1a227,GTL x
0x0801a26a,0x1a26a, !HF
0x0801a274,0x1a274,@!HF
0x0801a284,0x1a284,3`@!HF
0x0801a2b4,0x1a2b4,3`7H
0x0801a2e4,0x1a2e4, !HF
0x0801a478,0x1a478,  %6X  
0x0801a480,0x1a480,  D%03oN   
0x0801a48c,0x1a48c,   %d.%0.1d   
0x0801a49c,0x1a49c,   NONE   
0x0801a4d0,0x1a4d0,"K#~""9!"
0x0801a5a3,0x1a5a3,    SCANQT   
0x0801a5b4,0x1a5b4, RUNNING  
0x0801a5d0,0x1a5d0,   STOP   
0x0801a5e5,0x1a5e5,CQ`pG
0x0801a5fd,0x1a5fd,CQapGQi
0x0801a605,0x1a605,CQapG
0x0801a682,0x1a682,@KYh
0x0801a6a0,0x1a6a0,Zh:L
0x0801a6cb,0x1a6cb,5Yh1J
0x0801a710,0x1a710,!JQC
0x0801a735,0x1a735,@B`Yh
0x0801a73d,0x1a73d,!]hm
0x0801a7ac,0x1a7ac,HepGHm@
0x0801a7b6,0x1a7b6,HepG
0x0801a90b,0x1a90b,HAhg 
0x0801a9a9,0x1a9a9,F]J]M^N
0x0801a9cc,0x1a9cc,AF(F
0x0801a9e4,0x1a9e4,9F(F
0x0801a9f4,0x1a9f4,IF(F
0x0801aa20,0x1aa20,AF(F
0x0801aa28,0x1aa28,9F(F
0x0801aa3c,0x1aa3c,9F(F
0x0801aa4c,0x1aa4c,AF(F
0x0801aa58,0x1aa58,AF(F
0x0801aa68,0x1aa68,9F(F
0x0801aa9e,0x1aa9e,IF(F
0x0801aaba,0x1aaba,IF(F
0x0801aada,0x1aada,IF(F
0x0801aaf6,0x1aaf6,IF(F
0x0801ab02,0x1ab02,AF(F
0x0801ab0a,0x1ab0a,9F(F
0x0801abb9,0x1abb9,MR ih
0x0801ac06,0x1ac06,p@R 
0x0801b016,0x1b016,fu u
0x0801b112,0x1b112,(r(z
0x0801b18b,0x1b18b, (z@
0x0801b1cf,0x1b1cf," hp"""
0x0801b3a1,0x1b3a1,"I-"" 1"
0x0801b3bc,0x1b3bc, D F
0x0801b3c5,0x1b3c5,"I ""F1 F"
0x0801b3f5,0x1b3f5,ppG$
0x0801b43f,0x1b43f,"I "" 1 F"
0x0801b44b,0x1b44b,"I ""@1(F"
0x0801b461,0x1b461,"I ""`1"
0x0801b4c2,0x1b4c2, H@~
0x0801b4de,0x1b4de, !0F
0x0801b538,0x1b538, !0F
0x0801b8e9,0x1b8e9,M} ih
0x0801b8fa,0x1b8fa,p@} 
0x0801b931,0x1b931,"#d""8F"
0x0801b9b0,0x1b9b0,9F0F
0x0801b9bc,0x1b9bc,AF0F
0x0801b9c6,0x1b9c6,AF0F
0x0801b9d4,0x1b9d4,9F0F
0x0801ba0d,0x1ba0d,G Dp
0x0801ba1b,0x1ba1b,F4L1 ah
0x0801ba3a,0x1ba3a,Z1B 
0x0801ba64,0x1ba64,\qB 
0x0801ba6e,0x1ba6e,4A* 
0x0801ba8b,0x1ba8b,Gahs 
0x0801ba9b,0x1ba9b,GahC 
0x0801bab3,0x1bab3,Gah+ 
0x0801bac3,0x1bac3,Gah~ 
0x0801bad9,0x1bad9,Gah( 
0x0801bae8,0x1bae8,p@( 
0x0801bb14,0x1bb14,@qQ 
0x0801bb2b,0x1bb2b,F1Lo!
0x0801bc1a,0x1bc1a,ea\ 
0x0801bc24,0x1bc24,pa] 
0x0801bc92,0x1bc92,r1Z 
0x0801bca6,0x1bca6,0q\ 
0x0801bcb4,0x1bcb4,@Q? 
0x0801bcc3,0x1bcc3,L$ ah
0x0801bd6b,0x1bd6b,A$Li ah
0x0801bd86,0x1bd86,ahj 
0x0801bde4,0x1bde4,ahh 
0x0801be07,0x1be07,HAh0 
0x0801be63,0x1be63," ,I-J-K"
0x0801be74,0x1be74,(K+L
0x0801be8a,0x1be8a,%Ih1Q
0x0801bf07,0x1bf07,I\1Q
0x0801bf4f,0x1bf4f,"""4IhF"
0x0801bf59,0x1bf59,%3OO
0x0801bf75,0x1bf75,hAFY 
0x0801bfb5,0x1bfb5,h1F\ 
0x0801c00d,0x1c00d,hAFY 
0x0801c09c,0x1c09c,+O)F8F
0x0801c0b5,0x1c0b5,kYF8F
0x0801c0c9,0x1c0c9,"""QF8F"
0x0801c0d2,0x1c0d2,QF8F
0x0801c0ee,0x1c0ee,9F0F
0x0801c0f6,0x1c0f6,QF0F
0x0801c10a,0x1c10a,9F0F
0x0801c11f,0x1c11f,"""QF0F"
0x0801c128,0x1c128,IF0F
0x0801c136,0x1c136,QF0F
0x0801c13e,0x1c13e,9F0F
0x0801c1d3,0x1c1d3,G`NaI
0x0801c1db,0x1c1db,\`M4h
0x0801c1f6,0x1c1f6,"""7DE"
0x0801c23e,0x1c23e,FM<=i\
0x0801c273,0x1c273,!9M*5i\
0x0801c29e,0x1c29e,.ML=i\
0x0801c2f1,0x1c2f1,"M,=i\"
0x0801c423,0x1c423,L} ah
0x0801c497,0x1c497,"`!u""aevcu"
0x0801c4b6,0x1c4b6, `!rb`%v
0x0801c4e4,0x1c4e4,p@r 
0x0801c54b,0x1c54b,F*M1 ih
0x0801c553,0x1c553,G)I@
0x0801c570,0x1c570,!I#J
0x0801c589,0x1c589,Gih@ 
0x0801c592,0x1c592,pA1C
0x0801c59a,0x1c59a,p@@ 
0x0801c5bf,0x1c5bf,Gih@ 
0x0801c5c8,0x1c5c8,pA1C
0x0801c5d0,0x1c5d0,p@@ 
0x0801c5df,0x1c5df,Gih@ 
0x0801c5e8,0x1c5e8,pA1C
0x0801c5f0,0x1c5f0,p@@ 
0x0801c741,0x1c741,Mp ih
0x0801c787,0x1c787,zQF8F
0x0801c79f,0x1c79f,kYF8F
0x0801c7b1,0x1c7b1,iIF8F
0x0801c7bb,0x1c7bb,"""IF8F"
0x0801c7d8,0x1c7d8,9F0F
0x0801c7e0,0x1c7e0,IF0F
0x0801c7f4,0x1c7f4,9F0F
0x0801c80f,0x1c80f,"""IF0F"
0x0801c818,0x1c818,QF0F
0x0801c826,0x1c826,IF0F
0x0801c82e,0x1c82e,9F0F
0x0801c84d,0x1c84d,u)F0F
0x0801c874,0x1c874,)F0F
0x0801c8a1,0x1c8a1,E)F0F
0x0801c8c2,0x1c8c2,)F0F
0x0801c922,0x1c922,QP x
0x0801c92b,0x1c92b,  uO
0x0801ca60,0x1ca60,",C#C"
0x0801cafd,0x1cafd,F!F(F
0x0801cb3d,0x1cb3d,F;F*F1F@F
0x0801cb4a,0x1cb4a,";F""F1F@F"
0x0801cb56,0x1cb56,;F*F!F@F
0x0801cb66,0x1cb66,;F1F(F
0x0801cbf8,0x1cbf8,"+F""F"
0x0801d240,0x1d240,!F(F
0x0801d24a,0x1d24a,!F(F
0x0801d95d,0x1d95d,""")FXF"
0x0801db41,0x1db41,""")FXF"
0x0801dc7f,0x1dc7f,A<Npxq
0x0801dc92,0x1dc92,9Hc'
0x0801dc9c,0x1dc9c,J 7H8L
0x0801dce0,0x1dce0,pp)H
0x0801de85,0x1de85,!A`Bh
0x0801df5a,0x1df5a,'L%H
0x0801e2a5,0x1e2a5,I FJh
0x0801e49b,0x1e49b,A{LzO
0x0801e78e,0x1e78e,"""J""L"
0x0801e82f,0x1e82f,A>L=N
0x0801e84b,0x1e84b,"""8I9OO"
0x0801e898,0x1e898,E]'H
0x0801e8bf,0x1e8bf,""")F0F"
0x0801e8fd,0x1e8fd,""")F8F"
0x0801e9b6,0x1e9b6,0!#I
0x0801f100,0x1f100,[hc`
0x0801f197,0x1f197, pGI
0x0801f1e6,0x1f1e6,!L x
0x0801f2b4,0x1f2b4,iFhF
0x0801f39e,0x1f39e,*I*L
0x0801f45b,0x1f45b,G;HAx
0x0801f472,0x1f472,2'9M
0x0801f480,0x1f480,1?UY
0x0801f4d1,0x1f4d1,  pg
0x0801f4d9,0x1f4d9,  pg
0x0801f58e,0x1f58e,"d#^""I!| "
0x0801f5f0,0x1f5f0,SEARCH
0x0801f764,0x1f764,#!8F
0x0801f796,0x1f796,#18F
0x0801f7c8,0x1f7c8,    %6X    
0x0801f7d4,0x1f7d4,    D%03oN    
0x0801f7e4,0x1f7e4,    %d.%0.1d    
0x0801f7f8,0x1f7f8,     NONE     
0x0801f842,0x1f842,#!8F
0x0801f853,0x1f853,!Bh> 
0x0801f882,0x1f882,#!8F
0x0801f89b,0x1f89b,L@h!x
0x0801f91f,0x1f91f,&!F x
0x0801f95e,0x1f95e, P%u'p
0x0801f9ac,0x1f9ac,``!z
0x0801f9ce,0x1f9ce,```h
0x0801fa7f,0x1fa7f,  po
0x0801facc,0x1facc,eI iHCeI
0x0801fb3c,0x1fb3c,%s i
0x0801fb64,0x1fb64,%a%u&p
0x0801fe02,0x1fe02,UOSNxx
0x0801fe34,0x1fe34,IM(F*}
0x0802014d,0x2014d,FIy0
0x0802015c,0x2015c,XqpG
0x08020164,0x20164,YqpGR
0x0802016a,0x2016a,ZqpG
0x080202d5,0x202d5, pGI
0x0802044c,0x2044c,)L h@
0x08020453,0x20453,0 `O
0x08020458,0x20458,@R h
0x08020486,0x20486,`h```h 
0x0802048e,0x2048e,`P```h@
0x08020497,0x20497,P```h 
0x0802049f,0x2049f,````h@
0x080204a7,0x204a7,````h
0x080204af,0x204af,@```h
0x080204b7,0x204b7,C`` h@
0x080204bf,0x204bf,p ` h
0x080204d4,0x204d4,```h@
0x080204dc,0x204dc,```h
0x08020515,0x20515,!AU;
0x0802055a,0x2055a,jF(F
0x080205e4,0x205e4,jF(F
0x080206b4,0x206b4,RF F
0x080206c3,0x206c3,  ` q!H
0x080206d2,0x206d2,JF8F
0x08020720,0x20720,2F F
0x08020765,0x20765,\4F=F
0x0802076c,0x2076c,!=(F
0x0802077b,0x2077b,""")F F"
0x08020789,0x20789,"""9F0F"
0x080207c1,0x207c1,""")F F"
0x080207f8,0x207f8,LOMM
0x08020818,0x20818,13=?IKUV p
0x0802082a,0x2082a,IFPF
0x08020842,0x20842,IFPF
0x08020850,0x20850,";IJ~"""
0x0802086a,0x2086a,IFPF
0x08020882,0x20882,IFPF
0x0802089a,0x2089a,IFPF
0x080208b2,0x208b2,IFPF
0x080208bc,0x208bc,bq x
0x080208d4,0x208d4,1F8F
0x080208e2,0x208e2,IFPF
0x08020910,0x20910,1F8F
0x0802091e,0x2091e,IFPF
0x08020954,0x20954,A\09
0x0802096c,0x2096c,f`d!HC&I
0x0802098a,0x2098a,#H#I D
0x08020a6b,0x20a6b,"Ti#U""P!"
0x08020aa3,0x20aa3,"T4##""7!"
0x08020b01,0x20b01,"d7##"""
0x08020b53,0x20b53,"1i#U"""
0x08020b61,0x20b61,"#""FU!P "
0x08020b8f,0x20b8f,Miy(y
0x08020bdc,0x20bdc,"i#U"""
0x08020c12,0x20c12,"}#i"""
0x08020c41,0x20c41,$&H0
0x08020c79,0x20c79,"""1Fi "
0x08020c8b,0x20c8b,"""1Fi "
0x08020cb4,0x20cb4,1Fi 
0x08020ccc,0x20ccc,%03ddBm
0x08020cd4,0x20cd4,RSSI
0x08020ce0,0x20ce0,+S%d
0x08020cf3,0x20cf3,"1U#5"""
0x08020d01,0x20d01,"#""F5!* "
0x08020d6f,0x20d6f,"""1F0F"
0x08020e30,0x20e30,%03d.%05d
0x08020e7f,0x20e7f,"Ti#U"""
0x08020eba,0x20eba,kMkL
0x08020f24,0x20f24,j`  
0x08020f29,0x20f29,Thh 
0x08020f4f,0x20f4f,T.`hh@(
0x08020f5e,0x20f5e,p@AH
0x0802115f,0x2115f,HAhe 
0x08021173,0x21173,HAhg 
0x080211bc,0x211bc, b`j aaa
0x08021240,0x21240,`j a
0x08021281,0x21281,D ap
0x08021403,0x21403,N8F1x
0x0802140e,0x2140e,bP0|
0x080214b7,0x214b7,L y@
0x080214c8,0x214c8, q`y
0x080214f2,0x214f2,ay y
0x08021513,0x21513,L`y@
0x0802154c,0x2154c,ay y
0x0802157a,0x2157a,)iia
0x08021637,0x21637,V1F8F
0x08021662,0x21662,1F8F
0x080216a7,0x216a7,V1F8F
0x080216d2,0x216d2,1F8F
0x08021715,0x21715,U)F0F
0x0802172a,0x2172a,)F0F
0x08021777,0x21777,V1F8F
0x080217a2,0x217a2,1F8F
0x08021835,0x21835,W9F@F
0x08021874,0x21874,9F@F
0x0802189d,0x2189d,U)F0F
0x080218b7,0x218b7,F)F0F
0x0802194d,0x2194d,XAFHF
0x0802198c,0x2198c,AFHF
0x080219cc,0x219cc,*F9F0F
0x080219d8,0x219d8,.D=DO
0x080219e8,0x219e8,)F0F
0x08021a00,0x21a00,)F0F
0x08021a27,0x21a27,T!F(F
0x08021a3c,0x21a3c,!F(F
0x08021ae6,0x21ae6,0$mF
0x08021b3c,0x21b3c,iF(F
0x08021b48,0x21b48,%Q(F
0x08021e33,0x21e33, Please Wait...
0x08021e4c,0x21e4c,...  
0x08021f1e,0x21f1e,TMTN
0x08021f88,0x21f88,",v=I(~"
0x08021f92,0x21f92,<HDt
0x08022058,0x22058,!F(F
0x08022064,0x22064,!F(F
0x080220af,0x220af,IIxq
0x08022141,0x22141,#+C$
0x080223a7,0x223a7,yiz*z
0x080223bc,0x223bc,(hky
0x080223ec,0x223ec,!5)y
0x080224f0,0x224f0,VH@|
0x0802252c,0x2252c, !8F
0x08022538,0x22538,@!8F
0x08022602,0x22602,'p2 
0x0802265b,0x2265b,A9H@x
0x08022664,0x22664,8L9O
0x0802291c,0x2291c,"""F)F0F"
0x0802292a,0x2292a," ""!F0F"
0x08022948,0x22948,:F)F
0x08022a6e,0x22a6e,%Q F
0x08022abf,0x22abf, (`h`
0x08022b23,0x22b23,$ Fp
0x08022b3a,0x22b3a,%Q F
0x08022b96,0x22b96,A`Ah
0x08022ec9,0x22ec9,MiF(F
0x08022ed2,0x22ed2,!F(F
0x08022f62,0x22f62,%Q F
0x08023022,0x23022,1F F
0x08023052,0x23052,Di Fp
0x080230cc,0x230cc,9!@O7
0x0802311c,0x2311c,5BQC
0x08023190,0x23190,Ri@i
0x08023282,0x23282,b`d!HC
0x08023350,0x23350,915O7
0x08023396,0x23396,&IHC
0x0802346b,0x2346b,"\0:""T@"
0x0802347c,0x2347c,%06d
0x08023484,0x23484,%08d
0x080234cd,0x234cd, HppG
0x080235b5,0x235b5,xhphx
0x0802361b,0x2361b,"xQ\""x"
0x0802368b,0x2368b,%-LO
0x080236da,0x236da,%p0 
0x08023716,0x23716, !@F
0x08023722,0x23722,@!@F
0x08023795,0x23795,KYyI
0x0802382f,0x2382f, WX-%02d
0x08023860,0x23860,"d#c""F!x "
0x080239e3,0x239e3,A*IHx
0x080239f4,0x239f4, x2'(M
0x08023a04,0x23a04,&3>B
0x08023a3f,0x23a3f,  pg
0x08023a47,0x23a47,  pg
0x08023d28,0x23d28,/HxD
0x08023d50,0x23d50,&HxD
0x08023e05,0x23e05,"#\B,"
0x08023e1c,0x23e1c,"lB,C@"
0x08023eb8,0x23eb8,CK{D
0x0802437c,0x2437c,RK{D
0x080249f4,0x249f4,MINH
0x08024b3f,0x24b3f,?UUUUUU
0x08024ea4,0x24ea4,HHxD
0x08024eda,0x24eda,<HxD
0x08025797,0x25797,?1cb
0x08025b90,0x25b90,IUUUUU
0x08025db0,0x25db0,"""`4D"
0x08025e98,0x25e98,0]-(
0x08025eae,0x25eae,*F1FhF
0x08025eba,0x25eba,DxhF
0x08025edf,0x25edf,"""1FhF"
0x08025efc,0x25efc,*FiF
0x08025fa9,0x25fa9,"D""F9F"
0x08025fcb,0x25fcb,CADc
0x08025ffa,0x25ffa,pG00
0x08026114,0x26114,8zkF
0x08026130,0x26130,xzkF
0x0802616c,0x2616c,0q8{kF
0x0802618e,0x2618e,N pp
0x080261bc,0x261bc,S pp
0x08026232,0x26232,0r8{
0x08026248,0x26248,W pq
0x0802627a,0x2627a,E pq
0x08026354,0x26354,c4 x
0x0802635f,0x2635f,J :R
0x080263a6,0x263a6,"""x=*"
0x080263c0,0x263c0,"""x^*"
0x080263da,0x263da,"""x&*"
0x08026404,0x26404,"""x=*"
0x08026436,0x26436,"""x *"
0x08026458,0x26458,"""x""*"
0x0802647a,0x2647a,"""x#*"
0x0802649c,0x2649c,"""x$*"
0x080264be,0x264be,"""x%*"
0x080264e0,0x264e0,"""x)*"
0x08026502,0x26502,"""x(*"
0x08026524,0x26524,"""x0*"
0x08026546,0x26546,"""x3*"
0x08026568,0x26568,"""x1*"
0x0802658a,0x2658a,"""x4*"
0x080265ac,0x265ac,"""xX*"
0x080265ce,0x265ce,"""x5*"
0x08026600,0x26600,"""x5*"
0x08026622,0x26622,"""x8*"
0x08026644,0x26644,"""x3*"
0x08026666,0x26666,"""x4*"
0x08026684,0x26684,Emergency 
0x08026693,0x26693, Unknown   
0x080266a0,0x266a0,OMIC-E
0x080266a8,0x266a8,TH-D72
0x080266b0,0x266b0,TH-D74
0x080266b8,0x266b8,TH-D75
0x080266c0,0x266c0,TH-D7A
0x080266c8,0x266c8,TM-D710
0x080266d0,0x266d0,TM-D700
0x080266d8,0x266d8,VX-8
0x080266e0,0x266e0,FTM-350
0x080266e8,0x266e8,VX-8G
0x080266f0,0x266f0,FT1D
0x080266f8,0x266f8,FTM-400DR
0x08026704,0x26704,FTM-100D
0x08026710,0x26710,FT2D
0x08026718,0x26718,FT3D
0x08026720,0x26720,FT5D
0x08026728,0x26728,FTM-300D
0x08026734,0x26734,FTM-500D
0x08026740,0x26740,AP510
0x08026748,0x26748,D578UV
0x08026750,0x26750,GMic-Emsg
0x0802675c,0x2675c,D878UV
0x08026764,0x26764,TinyTrack3
0x08026770,0x26770,TinyTrack4
0x08026784,0x26784,"""x4*"
0x080267a6,0x267a6,!x8)
0x080267de,0x267de,(x!8Z(
0x080267e6,0x267e6,hx!8Z(
0x080267ef,0x267ef,x!8Z(
0x0802680c,0x2680c,DR-7400
0x08026814,0x26814,DR-7800
0x0802681c,0x2681c,Unknown
0x080268a0,0x268a0,00 q
0x080268c0,0x268c0,P0 q
0x080268d1,0x268d1,000`q
0x080268e1,0x268e1,0P0`q
0x08026945,0x26945,D `A
0x080269f3,0x269f3,x :^*
0x08026add,0x26add,x :^*
0x08026b4f,0x26b4f,"""iF(F"
0x08026bc7,0x26bc7,%@!0F
0x08026bee,0x26bee,@!0F
0x08026c04,0x26c04,@!0F
0x08026c2c,0x26c2c,@!0F
0x08026c3a,0x26c3a,@!0F
0x08026c56,0x26c56,@!0F
0x08026c64,0x26c64,@!0F
0x08026c84,0x26c84,@!0F
0x08026ca0,0x26ca0,@!0F
0x08026cb9,0x26cb9,%@!0F
0x08026ce8,0x26ce8,@!0F
0x08026cfe,0x26cfe,@!0F
0x08026d24,0x26d24,@!0F
0x08026d32,0x26d32,@!0F
0x08026d68,0x26d68,@! F
0x08026d84,0x26d84,@! F
0x08026da0,0x26da0,@! F
0x08026dbd,0x26dbd,$%N@!0F
0x08026dee,0x26dee,@!0F
0x08026e04,0x26e04,@!0F
0x08026e2a,0x26e2a,@!0F
0x08026e38,0x26e38,@!0F
0x08026e87,0x26e87, pG (
0x08026ea3,0x26ea3, pGA8
0x08026eec,0x26eec,%dsec
0x08026efb,0x26efb, OFF
0x08027409,0x27409, pG@h
0x0802742d,0x2742d,#oF&
0x080274bf,0x274bf,eSFJF
0x080274d8,0x274d8,"%2d%2d%f,%2d,%2d,%4d"
0x080275be,0x275be,+DXT
0x0802760b,0x2760b,p1!Ap
0x080277de,0x277de,)F F
0x0802786a,0x2786a,p@d 
0x0802792c,0x2792c,)]@Fa
0x08027ec9,0x27ec9,@pG!
0x08027ecf,0x27ecf,ApG 
0x08027ed5,0x27ed5,@pG!
0x08027f9b,0x27f9b,FpG_
0x08028483,0x28483,&v]O
0x080287d9,0x287d9,BpGO
0x080287ed,0x287ed,BpGp
0x080289d5,0x289d5,!pGO
0x08028a15,0x28a15,!pGO
0x08028a61,0x28a61,BpGO
0x08028a75,0x28a75,BpGp
0x08028f7d,0x28f7d,BpGO
0x08029074,0x29074,aBdB
0x080290a2,0x290a2,ahvB
0x080293df,0x293df,ApGO
0x08029ad1,0x29ad1,*pG``?
0x08029b47,0x29b47,CpGO
0x08029b74,0x29b74,CppG
0x08029b8a,0x29b8a,rppG
0x08029efe,0x29efe,RDw1
0x08029f35,0x29f35,PyG$
0x08029f67,0x29f67,"""06`"
0x08029fc5,0x29fc5,"A.,HL"
0x0802a0a5,0x2a0a5,^~0DJ
0x0802a0bf,0x2a0bf,^V@i
0x0802a0ed,0x2a0ed,u2(<
0x0802a120,0x2a120,O`5?
0x0802a147,0x2a147,EnIu
0x0802a1cd,0x2a1cd,_)C^
0x0802a220,0x2a220,"9[|"""
0x0802a275,0x2a275,"Kg,|kX>"
0x0802a365,0x2a365,D3*lNW
0x0802a38f,0x2a38f, a-i
0x0802a435,0x2a435,:$\$
0x0802a548,0x2a548,K@g7
0x0802a557,0x2a557,{'j[
0x0802a5d0,0x2a5d0,i9*m
0x0802a6ce,0x2a6ce,`S)i
0x0802a7fd,0x2a7fd,rbnn
0x0802a9d6,0x2a9d6,VyA\
0x0802aa4e,0x2aa4e,4]S+
0x0802aaad,0x2aaad,"fD|"""
0x0802ab17,0x2ab17,"`W"",#"
0x0802ab65,0x2ab65,"2eZk,"
0x0802aba6,0x2aba6,"""Hs"""
0x0802adce,0x2adce,I_C~
0x0802aec5,0x2aec5,l=QX'n{
0x0802af46,0x2af46,%Qhmq
0x0802afe8,0x2afe8,5M2G
0x0802b2cf,0x2b2cf,~m6)
0x0802b2f7,0x2b2f7,jmQ(
0x0802b32f,0x2b32f,qqU`
0x0802b35e,0x2b35e,7|6*
0x0802b365,0x2b365,|ROX
0x0802b416,0x2b416,rg3>
0x0802b497,0x2b497,dp'I
0x0802b4dd,0x2b4dd,^^_S
0x0802b566,0x2b566,R<d 
0x0802b575,0x2b575,"<""vR"
0x0802b5cf,0x2b5cf,@W.t
0x0802b630,0x2b630,MATY
0x0802b776,0x2b776,4G1pUx
0x0802b91f,0x2b91f,"Rb),`"
0x0802b956,0x2b956,J<s;
0x0802b9b6,0x2b9b6,F{N=
0x0802ba06,0x2ba06,PoV=}l
0x0802ba58,0x2ba58,"w6,U"
0x0802baff,0x2baff,8.Sq
0x0802bb76,0x2bb76,mcne
0x0802bbbd,0x2bbbd,T\Kd
0x0802bcbd,0x2bcbd,mo_qs
0x0802bcc7,0x2bcc7,fQ\v3
0x0802bd06,0x2bd06,25&S
0x0802bea8,0x2bea8,R:MP
0x0802becf,0x2becf,=u\~
0x0802c085,0x2c085,L4FW
0x0802c0a0,0x2c0a0,0DSG
0x0802c1e0,0x2c1e0,LSH:
0x0802c208,0x2c208,64*@
0x0802c220,0x2c220,q^~^
0x0802c270,0x2c270,W%\-
0x0802c3de,0x2c3de,{'_l
0x0802c4e5,0x2c4e5,\7!z=
0x0802c67d,0x2c67d,^l*zK
0x0802c6a6,0x2c6a6,KEEl
0x0802c718,0x2c718,s.a?
0x0802c71e,0x2c71e,n\jrAF
0x0802c766,0x2c766,vEDJ
0x0802c7b5,0x2c7b5,!nxFV:
0x0802c7dd,0x2c7dd,b-IVa
0x0802c890,0x2c890,&_:\
0x0802c8c7,0x2c8c7,^VZr
0x0802c908,0x2c908,=fK(
0x0802c9bd,0x2c9bd,3!TG^
0x0802c9e0,0x2c9e0,g_OS
0x0802ca2d,0x2ca2d,<bN'
0x0802cb5d,0x2cb5d,\dZ| $<
0x0802cd4e,0x2cd4e,~<=O
0x0802cd7e,0x2cd7e,JG@E)
0x0802cd85,0x2cd85,"ws!"""
0x0802ce15,0x2ce15,Mb4q
0x0802d036,0x2d036,C97:
0x0802d086,0x2d086, s]r
0x0802d108,0x2d108,2'da
0x0802d14d,0x2d14d,8~($:NU
0x0802d290,0x2d290,6>Yj
0x0802d297,0x2d297,d4[L
0x0802d2e5,0x2d2e5,"W,}U"
0x0802d337,0x2d337,zY[X=
0x0802d388,0x2d388,WS]w
0x0802d3ed,0x2d3ed,A`Ba
0x0802d4a5,0x2d4a5,dm-*
0x0802d4c6,0x2d4c6,?WZa6
0x0802d4cf,0x2d4cf,)D]Q
0x0802d516,0x2d516,"5,JB"
0x0802d616,0x2d616,8t+84
0x0802d726,0x2d726,D}np
0x0802d7cd,0x2d7cd,;30a
0x0802d7ed,0x2d7ed,w3B)
0x0802d847,0x2d847,"`@,"""
0x0802d865,0x2d865,x$sIy
0x0802d95f,0x2d95f,Wr{-%
0x0802d96e,0x2d96e,5|h\~~
0x0802d9bf,0x2d9bf,=PhQ 
0x0802da5f,0x2da5f,:jG<
0x0802db0e,0x2db0e,)h?vT
0x0802db35,0x2db35,+B1o
0x0802dbce,0x2dbce,8=?E
0x0802dcff,0x2dcff,QS5#21.
0x0802dd0d,0x2dd0d,3333333
0x0802dd3e,0x2dd3e,2FPZ
0x0802dd74,0x2dd74,)3=GQ[eo
0x0802dd7d,0x2dd7d,UPDATE
0x0802dd84,0x2dd84,PROGRAMBT9000U
0x0802dd93,0x2dd93,BHT 
0x0802dd98,0x2dd98,CO 7
0x0802dd9d,0x2dd9d,A ES
0x0802dda2,0x2dda2, EIY
0x0802dda7,0x2dda7,M PQ
0x0802ddac,0x2ddac,XN Y
0x0802ddb1,0x2ddb1,RVB 
0x0802ddb6,0x2ddb6, HQP
0x0802ddbb,0x2ddbb,W RC
0x0802ddc0,0x2ddc0,MS N
0x0802ddc5,0x2ddc5, SAT
0x0802ddca,0x2ddca,K DH
0x0802ddcf,0x2ddcf,ZO R
0x0802ddd4,0x2ddd4,C SL
0x0802ddd9,0x2ddd9,6RB 
0x0802ddde,0x2ddde, JCG
0x0802dde3,0x2dde3,PN V
0x0802dde8,0x2dde8,J PK
0x0802dded,0x2dded,EK L
0x0802ddf2,0x2ddf2,I LZ
0x0802dfde,0x2dfde,~wpjd]
0x0802dfe8,0x2dfe8,~wpjc
0x0802dff2,0x2dff2,~xrl
0x0802e090,0x2e090,adgjmptw
0x0802e09b,0x2e09b,"7!&9,O"
0x0802e4fb,0x2e4fb,NOCALL
0x0802e515,0x2e515,WIDE1 
0x0802e51c,0x2e51c,WIDE2 
0x0802e539,0x2e539,Hello world!
0x0802e5a9,0x2e5a9,017=@CGH}~
0x0802e5f8,0x2e5f8,   SEEK...   
0x08032022,0x32022,",.?!:;'""()<>[]{}$%@*+-_=~`|/\^&*"
0x08035bec,0x35bec,"!""#$%&'()*+,-./0123456789:;<=?@ABCDEFGHIJKLMNOPQSTUVWXYZ\]^_`acdefghijklmnopqrstuvwxyz{|}~"
0x08035c64,0x35c64,Factory
0x08035ca7,0x35ca7,`````````````````````````
0x08035ce5,0x35ce5,```````````````````ooooo`
0x08035d23,0x35d23,`````````````ooooo`ooooo`
0x08035d61,0x35d61,```````ooooo`ooooo`ooooo`
0x08035d9f,0x35d9f,`ooooo`ooooo`ooooo`ooooo`
0x08035dbe,0x35dbe,pppp
0x08036954,0x36954,e)e)e)e)e)e)e)e)e)e)e)e)e)e)e)e)e)e)e)e)e)e)e)e)e)e)e)e)e)e)e)
0x080369c3,0x369c3,"""e)e)e)"
0x080369fc,0x369fc,e)e)e)`
0x08036a21,0x36a21,"""e)e)e)e)`"
0x08036a4c,0x36a4c,"e)e)e)e)e)e)e)e)e)e)D""`"
0x08036a81,0x36a81,)e)e)e)e)e)e)e)e)e)e)e)
0x08036ab6,0x36ab6,e)e)e)e)e)e)
0x08036ac9,0x36ac9,"""e)e)e)"
0x08036aed,0x36aed,"""e)e)e)"
0x08036afc,0x36afc,"D""e)e)e)e)"
0x08036b24,0x36b24,e)e)e)
0x08036b31,0x36b31,"""e)e)e)e)e)e)"
0x08036b66,0x36b66,e)e)e)e)e)e)e)
0x08036b9a,0x36b9a,"D""e)e)e)e)e)e)e)e)"
0x08036bd1,0x36bd1,"""e)e)e)e)e)e)e)e)"
0x08036c08,0x36c08,e)e)e)e)e)e)e)
0x08036c3f,0x36c3f,)e)e)e)e)e)
0x08036c64,0x36c64,e)e)e)
0x08036c9c,0x36c9c,e)e)e)
0x08036cd3,0x36cd3,"""e)e)e)e)e)e)e)e)e)e)e)e)e)e)e)e)e)e)e)e)e)e)e)e)e)e)e)e)"
0x08036d1d,0x36d1d,Be)e)e)mk
0x08036d29,0x36d29,Re)e)e)
0x08036d35,0x36d35,Re)e)e)
0x08036d53,0x36d53,siJe)e)
0x08036d5d,0x36d5d,"s,ce)e)e),c"
0x08036d69,0x36d69,"s,ce)e)e),c"
0x08036d95,0x36d95,se)e)e)
0x08036da1,0x36da1,se)e)e)
0x08036db3,0x36db3,se)e)e)
0x08036de9,0x36de9,se)e)e)e)
0x08036df9,0x36df9,se)e)
0x08036e01,0x36e01,sIJe)
0x08036e0d,0x36e0d,siJe)IJ
0x08036e1f,0x36e1f,se)e)e)e)e)
0x08036e2f,0x36e2f,se)e)Mk
0x08036e4b,0x36e4b,sMke)
0x08036e55,0x36e55,se)e)e)e)e)
0x08036e65,0x36e65,se)e)
0x08036e6d,0x36e6d,"s,ce)"
0x08036e7b,0x36e7b,"se),c"
0x08036e8b,0x36e8b,se)e)e)e)e)
0x08036e9b,0x36e9b,se)e)IJ
0x08036eb7,0x36eb7,sIJe)
0x08036ec1,0x36ec1,se)e)e)e)e)
0x08036ed1,0x36ed1,se)e)
0x08036edf,0x36edf,sMke)mk
0x08036ef7,0x36ef7,se)e)e)e)e)
0x08036f07,0x36f07,se)e)e)
0x08036f23,0x36f23,se)e)
0x08036f2d,0x36f2d,se)e)e)e)
0x08036f3b,0x36f3b,"smke)e)e),c"
0x08036f4b,0x36f4b,sIJe)IJ
0x08036f59,0x36f59,ce)e)
0x08036f63,0x36f63,se)e)e)e)
0x08036f73,0x36f73,Ze)e)e)
0x08036f8f,0x36f8f,Re)e)
0x08036fa9,0x36fa9,Be)e)e)
0x08036fb5,0x36fb5,smke)e)e)mk
0x08036fc5,0x36fc5,Be)e)
0x08036fdb,0x36fdb,siJe)e)e)e)
0x08036fed,0x36fed,Ze)e)e)
0x08036ffb,0x36ffb,1e)e)
0x08037011,0x37011,Be)e)e)e)e)e)mk
0x08037021,0x37021,sIJe)e)e)IJ
0x0803702d,0x3702d,sMke)e)e)
0x08037047,0x37047,ce)e)e)<
0x08037054,0x37054,e)e)e)
0x08037060,0x37060,e)e)e)4
0x08037080,0x37080,e)e)
0x0803708a,0x3708a,e)e)e)Y
0x08037096,0x37096,e)e)e)Y
0x080370c0,0x370c0,e)e)e)
0x080370cc,0x370cc,e)e)e)
0x080370de,0x370de,e)e)e)
0x08037114,0x37114,e)e)e)e)
0x08037124,0x37124,e)e)
0x0803714a,0x3714a,e)e)e)e)e)
0x0803715a,0x3715a,e)e)
0x08037180,0x37180,e)e)e)e)e)
0x08037190,0x37190,e)e)4
0x080371b6,0x371b6,e)e)e)e)e)
0x080371c6,0x371c6,e)e)
0x080371ec,0x371ec,e)e)e)e)e)
0x080371fc,0x371fc,e)e)
0x08037218,0x37218,(Be)
0x08037222,0x37222,e)e)e)e)e)
0x08037232,0x37232,e)e)e)
0x0803724e,0x3724e,e)e)
0x08037258,0x37258,e)e)e)e)
0x08037268,0x37268,e)e)e)Y
0x08037284,0x37284,e)e)
0x0803728e,0x3728e,e)e)e)e)
0x0803729e,0x3729e,e)e)e)
0x080372ac,0x372ac,(Be)(B
0x080372ba,0x372ba,e)e)
0x080372d3,0x372d3,ce)e)e)
0x080372e2,0x372e2,e)e)e)<
0x080372ef,0x372ef,ce)e)
0x08037308,0x37308,e)e)e)e)
0x08037318,0x37318,e)e)e)
0x08037325,0x37325,9e)e)
0x0803733b,0x3733b,ce)e)e)e)e)e)<
0x0803734d,0x3734d,{e)e)e)
0x0803735a,0x3735a,e)e)e)
0x08037375,0x37375,se)mk
0x0803737d,0x3737d,Re)e)e)
0x08037389,0x37389,Re)e)e)
0x080373b1,0x373b1,"s,ce)e)e),c"
0x080373bd,0x373bd,"s,ce)e)e),c"
0x080373e9,0x373e9,se)e)e)
0x080373f5,0x373f5,se)e)e)
0x080373ff,0x373ff,siJe)e)e)e)
0x0803740f,0x3740f,se)e)e)e)e)
0x08037437,0x37437,Be)e)e)e)
0x08037445,0x37445,se)e)e)e)e)e)
0x08037455,0x37455,sIJe)
0x08037461,0x37461,siJe)IJ
0x0803746b,0x3746b,se)e)e)e)e)
0x0803747b,0x3747b,se)e)e)e)e)e)Mk
0x0803749f,0x3749f,sMke)e)e)e)e)
0x080374b1,0x374b1,se)e)e)e)e)e)
0x080374c1,0x374c1,"s,ce)"
0x080374cf,0x374cf,"se),c"
0x080374d7,0x374d7,Re)e)e)e)e)
0x080374e7,0x374e7,se)e)e)e)e)e)IJ
0x0803750b,0x3750b,sIJe)e)e)e)e)
0x0803751d,0x3751d,se)e)e)e)e)e)
0x08037533,0x37533,sMke)mk
0x08037543,0x37543,1e)e)e)e)e)
0x08037553,0x37553,se)e)e)e)e)e)e)
0x08037577,0x37577,se)e)e)e)e)e)
0x08037589,0x37589,"se)e)e)e)e)e)e),c"
0x0803759f,0x3759f,sIJe)IJ
0x080375ad,0x375ad,ce)e)e)e)e)e)
0x080375bf,0x375bf,se)e)e)e)e)e)e)
0x080375e3,0x375e3,Re)e)e)e)e)e)
0x080375f5,0x375f5,se)e)e)e)e)e)e)
0x08037609,0x37609,smke)e)e)mk
0x08037619,0x37619,Be)e)e)e)e)e)
0x0803762b,0x3762b,se)e)e)e)e)e)e)
0x08037641,0x37641,Ze)e)e)
0x0803764f,0x3764f,1e)e)e)e)e)e)
0x08037661,0x37661,se)e)e)e)e)e)e)e)mk
0x08037675,0x37675,sIJe)e)e)IJ
0x08037681,0x37681,sMke)e)e)
0x080376a8,0x376a8,e)e)e)
0x080376b4,0x376b4,e)e)e)4
0x080376de,0x376de,e)e)e)Y
0x080376ea,0x376ea,e)e)e)Y
0x08037714,0x37714,e)e)e)
0x08037720,0x37720,e)e)e)
0x0803772c,0x3772c,e)e)e)e)
0x0803773a,0x3773a,e)e)e)e)e)
0x08037761,0x37761,ce)e)e)e)
0x08037770,0x37770,e)e)e)e)e)e)
0x08037796,0x37796,e)e)e)e)e)
0x080377a6,0x377a6,e)e)e)e)e)e)
0x080377cc,0x377cc,e)e)e)e)e)
0x080377dc,0x377dc,e)e)e)e)e)e)4
0x08037802,0x37802,e)e)e)e)e)
0x08037812,0x37812,e)e)e)e)e)e)
0x08037837,0x37837,{e)e)e)e)e)
0x08037848,0x37848,e)e)e)e)e)e)
0x0803786c,0x3786c,(Be)e)e)e)e)
0x0803787e,0x3787e,e)e)e)e)e)e)e)
0x080378a2,0x378a2,e)e)e)e)e)e)
0x080378b4,0x378b4,e)e)e)e)e)e)e)Y
0x080378d8,0x378d8,e)e)e)e)e)e)
0x080378ea,0x378ea,e)e)e)e)e)e)e)
0x08037900,0x37900,(Be)(B
0x0803790e,0x3790e,e)e)e)e)e)e)
0x08037920,0x37920,e)e)e)e)e)e)e)
0x08037936,0x37936,e)e)e)<
0x08037943,0x37943,ce)e)e)e)e)e)
0x08037956,0x37956,e)e)e)e)e)e)e)
0x0803796c,0x3796c,e)e)e)
0x08037979,0x37979,9e)e)e)e)e)e)
0x0803798c,0x3798c,e)e)e)e)e)e)e)e)<
0x080379a1,0x379a1,{e)e)e)
0x080379ae,0x379ae,e)e)e)mk
0x080379bb,0x379bb,1e)e)e)e)
0x080379c9,0x379c9,sMke)e)e)
0x080379df,0x379df,9e)e)e)iJ
0x080379eb,0x379eb,"s,ce)e)e)e),c"
0x08037a03,0x37a03,siJe)e)e)e)iJ
0x08037a15,0x37a15,Re)e)IJ
0x08037a29,0x37a29,sIJe)e)e)mk
0x08037a39,0x37a39,Be)e)
0x08037a43,0x37a43,sMke)
0x08037a4d,0x37a4d,sMke)e)e)e)Mk
0x08037a77,0x37a77,9e)e)
0x08037a81,0x37a81,"s,ce)e),c"
0x08037a8f,0x37a8f,Be)e)mk
0x08037a9b,0x37a9b,1e)e)
0x08037aa5,0x37aa5,smke)e)
0x08037ab3,0x37ab3,Re)e)e)
0x08037ac1,0x37ac1,"Ze)e)e),c"
0x08037ad7,0x37ad7,ce)e)e)
0x08037ae3,0x37ae3,sIJe)e)IJ
0x08037af1,0x37af1,Re)e)mk
0x08037afd,0x37afd,1e)e)e)
0x08037b09,0x37b09,sMke)e)e)
0x08037b17,0x37b17,"s,cmk"
0x08037b21,0x37b21,1e)e)e)
0x08037b2f,0x37b2f,ce)e)
0x08037b3b,0x37b3b,9e)e)
0x08037b45,0x37b45,se)e)e)e)e)
0x08037b55,0x37b55,se)e)e)e)
0x08037b69,0x37b69,Re)e)e)e)e)mk
0x08037b81,0x37b81,smke)e)e)
0x08037b8f,0x37b8f,se)e)e)e)e)
0x08037b9f,0x37b9f,se)e)e)e)
0x08037bb3,0x37bb3,1e)e)e)e)e)
0x08037bc3,0x37bc3,s(B(B
0x08037bcd,0x37bcd,Re)e)e)
0x08037bd9,0x37bd9,se)e)e)e)e)
0x08037be9,0x37be9,se)e)e)e)e)
0x08037bfb,0x37bfb,Ze)e)e)e)e)e)
0x08037c17,0x37c17,9e)e)e)
0x08037c23,0x37c23,se)e)e)e)e)
0x08037c33,0x37c33,se)e)e)e)
0x08037c47,0x37c47,9e)e)e)e)e)e)mk
0x08037c5d,0x37c5d,smke)e)e)e)
0x08037c6d,0x37c6d,se)e)e)e)e)
0x08037c7d,0x37c7d,se)e)e)e)Mk
0x08037c8f,0x37c8f,"s,ce)e)e)e)e)e)"
0x08037ca9,0x37ca9,Re)e)e)e)mk
0x08037cb9,0x37cb9,1e)e)e)
0x08037cc5,0x37cc5,sMke)e)e)IJ
0x08037cdb,0x37cdb,sIJe)e)e)e)e)
0x08037cf3,0x37cf3,9e)e)e)e)
0x08037d03,0x37d03,Re)e)e)
0x08037d11,0x37d11,Ze)e)
0x08037d29,0x37d29,1e)e)e)e)e)
0x08037d39,0x37d39,smke)e)e)e)e)
0x08037d5b,0x37d5b,9e)e)
0x08037d67,0x37d67,Re)e)
0x08037d73,0x37d73,Re)e)e)e)e)
0x08037d85,0x37d85,Re)e)e)e)e)e)IJ
0x08037da1,0x37da1,sIJe)e)
0x08037db1,0x37db1,1e)e)
0x08037dbf,0x37dbf,1e)e)e)e)(B
0x08037dcf,0x37dcf,9e)e)e)e)e)e)e)
0x08037deb,0x37deb,"1e)e)e),c"
0x08037df9,0x37df9,Re)e)e)e)
0x08037e07,0x37e07,"s,c<"
0x08037e10,0x37e10,(Be)e)e)e)
0x08037e22,0x37e22,e)e)e)
0x08037e35,0x37e35,Re)e)e)Q
0x08037e44,0x37e44,e)e)e)e)Y
0x08037e5c,0x37e5c,e)e)e)e)Q
0x08037e6c,0x37e6c,e)e)
0x08037e81,0x37e81,{e)e)e)<
0x08037e8f,0x37e8f,ce)e)
0x08037ea6,0x37ea6,e)e)e)e)
0x08037ecd,0x37ecd,Re)e)
0x08037eda,0x37eda,e)e)Y
0x08037ee5,0x37ee5,ce)e)<
0x08037ef1,0x37ef1,9e)e)(B
0x08037efe,0x37efe,e)e)
0x08037f0a,0x37f0a,e)e)e)4
0x08037f18,0x37f18,e)e)e)Y
0x08037f2e,0x37f2e,e)e)e)4
0x08037f3b,0x37f3b,{e)e)
0x08037f48,0x37f48,e)e)<
0x08037f53,0x37f53,9e)e)e)(B
0x08037f62,0x37f62,e)e)e)(B
0x08037f76,0x37f76,(Be)e)e)
0x08037f86,0x37f86,e)e)
0x08037f91,0x37f91,Re)e)
0x08037f9c,0x37f9c,e)e)e)e)e)
0x08037fac,0x37fac,e)e)e)e)4
0x08037fc0,0x37fc0,e)e)e)e)e)<
0x08037fda,0x37fda,e)e)e)
0x08037fe6,0x37fe6,e)e)e)e)e)
0x08037ff6,0x37ff6,e)e)e)e)
0x08038009,0x38009,9e)e)e)e)e)4
0x0803801a,0x3801a,mkmk
0x08038024,0x38024,e)e)e)
0x08038030,0x38030,e)e)e)e)e)
0x08038040,0x38040,e)e)e)e)e)
0x08038052,0x38052,e)e)e)e)e)e)
0x0803806d,0x3806d,Re)e)e)
0x0803807a,0x3807a,e)e)e)e)e)
0x0803808a,0x3808a,e)e)e)e)
0x0803809d,0x3809d,Re)e)e)e)e)e)<
0x080380b6,0x380b6,e)e)e)e)
0x080380c4,0x380c4,e)e)e)e)e)
0x080380d4,0x380d4,e)e)e)e)
0x080380e8,0x380e8,e)e)e)e)e)e)4
0x08038100,0x38100,e)e)e)e)<
0x0803810f,0x3810f,9e)e)e)(B
0x0803811e,0x3811e,e)e)e)
0x08038133,0x38133,{e)e)e)e)e)
0x08038149,0x38149,Re)e)e)e)
0x0803815a,0x3815a,e)e)e)
0x08038168,0x38168,e)e)
0x08038174,0x38174,(B(B
0x0803817f,0x3817f,9e)e)e)e)e)
0x08038192,0x38192,e)e)e)e)e)
0x080381b1,0x381b1,Re)e)
0x080381be,0x381be,e)e)
0x080381ca,0x381ca,e)e)e)e)e)
0x080381dc,0x381dc,e)e)e)e)e)e)
0x080381f9,0x381f9,{e)e)(B
0x08038207,0x38207,9e)e)
0x08038214,0x38214,(Be)e)e)e)mk
0x08038225,0x38225,Re)e)e)e)e)e)e)
0x08038240,0x38240,(Be)e)e)Y
0x08038250,0x38250,e)e)e)e)
0x08038260,0x38260,e)e)e)e)e)Mk
0x0803826d,0x3826d,sMke)e)e)e)e)e)
0x08038289,0x38289,sMkIJe)e)e)
0x080382a1,0x382a1,"s,ciJe)e)e)e)e)e)IJ,c"
0x080382bf,0x382bf,1e)e)e)e)e)
0x080382d3,0x382d3,1e)e)e)e)e)
0x080382f1,0x382f1,Ze)e)
0x08038309,0x38309,Ze)e)e)e)
0x08038321,0x38321,s(Be)e)e)e)
0x08038335,0x38335,Re)e)e)e)e)
0x0803836b,0x3836b,siJe)e)(B
0x08038385,0x38385,1e)e)e)e)mk
0x08038395,0x38395,smke)e)e)e)e)
0x080383a7,0x383a7,se)e)e)e)iJ
0x080383b5,0x383b5,sMke)
0x080383bf,0x383bf,se)e)e)e)iJ
0x080383cd,0x383cd,"s,ce)e)"
0x080383db,0x383db,1e)e)e)
0x080383e5,0x383e5,1e)e)e)e)
0x080383fb,0x383fb,9e)e)e)e)
0x08038409,0x38409,se)e)e)e)e)
0x08038421,0x38421,se)e)e)e)e)
0x08038431,0x38431,"se)e),c"
0x08038439,0x38439,smke)e)e)e)e)e)e)e)e)e)
0x0803845d,0x3845d,Ze)e)e)e)
0x0803846b,0x3846b,se)e)e)e)
0x08038483,0x38483,se)e)e)e)
0x08038491,0x38491,sMke)e)
0x0803849d,0x3849d,siJe)e)e)e)e)e)e)e)e)
0x080384b5,0x384b5,smke)Mk
0x080384bf,0x384bf,se)e)e)e)
0x080384d3,0x384d3,9iJmk
0x080384f5,0x384f5,Re)e)IJ
0x08038507,0x38507,ZIJe)e)e)e)(B
0x08038519,0x38519,Re)iJ
0x08038521,0x38521,s(Be)e)e)
0x08038557,0x38557,1e)e)e)
0x0803856f,0x3856f,1e)e)
0x08038585,0x38585,Ze)e)e)
0x0803859f,0x3859f,9e)e)
0x080385b5,0x385b5,Re)e)e)e)e)e)
0x080385c5,0x385c5,"R,cMk"
0x080385d9,0x385d9,sMke)e)e)Mk
0x080385e9,0x385e9,1e)e)
0x080385fd,0x385fd,1e)e)e)e)
0x0803860b,0x3860b,se)e)
0x08038615,0x38615,"s,ce)e)e)e)e)e)e)e)e)e)"
0x08038633,0x38633,se)IJ
0x08038649,0x38649,sIJe)e)
0x08038655,0x38655,se)e)e)e)e)e)e)e)e)
0x0803866d,0x3866d,se)e)
0x0803867b,0x3867b,"Be)e)e)e)e)e)e)e)e)e),c"
0x08038695,0x38695,"se),c"
0x080386ad,0x386ad,ce)e)
0x080386b7,0x386b7,se)e)e)e)e)e)e)e)e)
0x080386cf,0x386cf,se)e)e)
0x080386db,0x386db,"s,ce)e)e)"
0x080386e9,0x386e9,1e)e)e)
0x08038719,0x38719,se)e)e)e)e)e)e)e)e)
0x08038731,0x38731,se)e)e)
0x0803875f,0x3875f,siJe)e)e)e)e)iJ
0x08038771,0x38771,siJe)
0x0803877b,0x3877b,se)e)e)e)e)e)e)e)e)
0x08038793,0x38793,se)e)e)e)
0x080387a1,0x387a1,smke)
0x080387c3,0x387c3,1e)e)e)e)e)
0x080387d3,0x387d3,sMke)
0x080387dd,0x387dd,se)e)e)e)e)e)e)e)e)
0x080387f5,0x387f5,se)e)e)e)
0x08038805,0x38805,"sIJe)e)IJ,c"
0x08038815,0x38815,sMkiJe)e)e)e)e)e)e)
0x0803882e,0x3882e,e)e)e)e)e)e)
0x0803884b,0x3884b,{e)e)e)
0x08038864,0x38864,e)e)e)e)e)e)
0x0803887c,0x3887c,(Be)e)e)e)e)
0x08038890,0x38890,(Be)e)e)e)e)
0x080388b0,0x388b0,e)e)
0x080388c8,0x388c8,e)e)e)e)
0x080388e0,0x388e0,mke)e)e)e)4
0x080388f4,0x388f4,e)e)e)e)e)
0x0803892c,0x3892c,e)e)mk
0x08038943,0x38943,9e)e)e)e)<
0x08038956,0x38956,e)e)e)e)e)
0x08038966,0x38966,e)e)e)e)Q
0x0803897e,0x3897e,e)e)e)e)Q
0x0803898e,0x3898e,e)e)
0x08038998,0x38998,(Be)e)e)
0x080389a3,0x389a3,9e)e)e)e)
0x080389b9,0x389b9,Re)e)e)e)
0x080389c8,0x389c8,e)e)e)e)e)
0x080389e0,0x389e0,e)e)e)e)e)
0x080389f0,0x389f0,e)e)Y
0x080389fa,0x389fa,e)e)e)e)e)e)e)e)e)e)
0x08038a1c,0x38a1c,e)e)e)e)
0x08038a2a,0x38a2a,e)e)e)e)
0x08038a42,0x38a42,e)e)e)e)
0x08038a52,0x38a52,e)e)
0x08038a5e,0x38a5e,e)e)e)e)e)e)e)e)e)
0x08038a7e,0x38a7e,e)e)e)e)
0x08038ab4,0x38ab4,e)e)
0x08038ac7,0x38ac7,{e)e)e)e)mk
0x08038ae0,0x38ae0,mke)e)e)
0x08038afc,0x38afc,(Be)
0x08038b15,0x38b15,9e)e)e)4
0x08038b2d,0x38b2d,9e)e)
0x08038b38,0x38b38,(Be)(B
0x08038b44,0x38b44,e)e)e)
0x08038b5d,0x38b5d,Re)e)
0x08038b74,0x38b74,e)e)e)e)e)e)
0x08038b9a,0x38b9a,e)e)e)
0x08038ba7,0x38ba7,9e)e)
0x08038bb9,0x38bb9,c(Be)e)e)e)
0x08038bca,0x38bca,e)e)
0x08038bd6,0x38bd6,e)e)e)e)e)e)e)e)e)e)
0x08038c09,0x38c09,{e)e)
0x08038c14,0x38c14,e)e)e)e)e)e)e)e)e)
0x08038c2c,0x38c2c,e)e)(B
0x08038c39,0x38c39,ce)e)e)e)e)e)e)e)e)e)Y
0x08038c6c,0x38c6c,e)e)
0x08038c76,0x38c76,e)e)e)e)e)e)e)e)e)
0x08038c8e,0x38c8e,e)e)e)
0x08038c9c,0x38c9c,e)e)e)
0x08038ca7,0x38ca7,9e)e)e)
0x08038cce,0x38cce,(Be)
0x08038cd8,0x38cd8,e)e)e)e)e)e)e)e)e)
0x08038cf0,0x38cf0,e)e)e)(B
0x08038d20,0x38d20,e)e)e)e)e)Q
0x08038d3a,0x38d3a,e)e)e)e)e)e)e)e)e)
0x08038d52,0x38d52,e)e)e)e)
0x08038d80,0x38d80,(Be)e)e)e)e)
0x08038d9c,0x38d9c,e)e)e)e)e)e)e)e)e)
0x08038db4,0x38db4,e)e)e)e)(B
0x08038dc5,0x38dc5,{e)e)
0x08038dd8,0x38dd8,e)e)
0x08038de3,0x38de3,1e)e)e)e)e)
0x08038df5,0x38df5,se)e)e)
0x08038e09,0x38e09,9e)e)
0x08038e13,0x38e13,siJe)e)e)e)e)
0x08038e27,0x38e27,se)e)IJ
0x08038e3b,0x38e3b,sIJe)
0x08038e45,0x38e45,smke)e)e)e)e)mk
0x08038e79,0x38e79,sIJe)e)e)IJ
0x08038e95,0x38e95,Re)e)e)
0x08038eab,0x38eab,smke)e)e)mk
0x08038ebd,0x38ebd,se)mk
0x08038ec7,0x38ec7,1e)e)e)
0x08038ef7,0x38ef7,se)e)e)e)e)
0x08038f11,0x38f11,"s,ce),c"
0x08038f29,0x38f29,se)e)e)e)e)
0x08038f5b,0x38f5b,se)e)e)e)e)
0x08038f8d,0x38f8d,se)e)e)e)e)
0x08038fa1,0x38fa1,"s,ce)"
0x08038faf,0x38faf,"Ze),c"
0x08038fbf,0x38fbf,se)e)e)e)e)
0x08038fd3,0x38fd3,"s,ce)"
0x08038fe1,0x38fe1,"1e),c"
0x08038fe9,0x38fe9,se)mk
0x08038ff3,0x38ff3,1e)e)e)
0x08039005,0x39005,"s,ce)e)"
0x08039011,0x39011,"Ze)e),c"
0x08039025,0x39025,Re)e)e)
0x08039037,0x39037,"s,ce)e)e)e)e)e)e),c"
0x08039069,0x39069,"s,ce)e)e)e)e)e)e),c"
0x0803907f,0x3907f,se)e)IJ
0x08039093,0x39093,sIJe)
0x0803909b,0x3909b,"s,ce)e)e)e)e)e)e),c"
0x080390b1,0x390b1,se)e)e)
0x080390c5,0x390c5,1e)e)
0x080390d1,0x390d1,9e)e)e)e)e)
0x080390e4,0x390e4,e)e)e)
0x080390f7,0x390f7,Re)e)
0x08039104,0x39104,e)e)e)e)e)
0x08039116,0x39116,e)e)
0x08039136,0x39136,e)e)e)e)e)<
0x08039169,0x39169,{e)e)e)
0x08039184,0x39184,e)e)e)4
0x0803919c,0x3919c,e)e)e)<
0x080391b5,0x391b5,9e)e)e)(B
0x080391e6,0x391e6,e)e)e)e)e)
0x08039218,0x39218,e)e)e)e)e)
0x0803924a,0x3924a,e)e)e)e)e)
0x0803927c,0x3927c,e)e)e)e)e)
0x080392ae,0x392ae,e)e)e)e)e)
0x080392c4,0x392c4,e)(B
0x080392ce,0x392ce,(Be)Y
0x080392e1,0x392e1,9e)e)e)(B
0x080392f6,0x392f6,e)e)
0x08039300,0x39300,e)e)Y
0x08039314,0x39314,e)e)e)
0x08039328,0x39328,e)e)e)e)e)e)e)Y
0x0803935a,0x3935a,e)e)e)e)e)e)e)Y
0x0803936e,0x3936e,e)e)
0x0803938c,0x3938c,e)e)e)e)e)e)e)Y
0x080393a0,0x393a0,e)e)e)
0x080393b2,0x393b2,(Be)e)0000
0x080393be,0x393be,0000
0x080393cc,0x393cc,0000000000
0x080398b0,0x398b0,e)e)e)
0x080398c3,0x398c3,1e)e)e)e)e)
0x080398df,0x398df,9e)e)e)e)mk
0x080398ed,0x398ed,Re)e)e)
0x080398fb,0x398fb,1e)e)(B
0x08039905,0x39905,ce)e)e)e)e)
0x08039913,0x39913,s(Be)e)
0x0803991d,0x3991d,siJe)e)e)e)e)IJ
0x08039989,0x39989,"Ze)e)e),c"
0x080399a3,0x399a3,Ze)e)e)
0x080399bd,0x399bd,s(Be)
0x08039a35,0x39a35,ce)e)e)$A
0x08039a48,0x39a48,$Ae)e)e)e)e)$Q
0x08039a64,0x39a64,$Qe)e)e)e) 
0x08039a74,0x39a74,e)e)e)
0x08039a80,0x39a80,E9e)e)
0x08039a8c,0x39a8c,e)e)e)e)e)a
0x08039a9b,0x39a9b,he)e)
0x08039aa6,0x39aa6,e)e)e)e)e)
0x08039b10,0x39b10,e)e)e)A
0x08039b2a,0x39b2a,e)e)e)
0x0803a232,0x3a232,e)e)e)e)Q
0x0803a23c,0x3a23c,mke)e)e)e)e)e)e)e)e)e)
0x0803a258,0x3a258,(Be)e)e)e)e)e)e)e)
0x0803a274,0x3a274,e)e)e)e)e)e)e)
0x0803a28f,0x3a28f,ce)e)
0x0803a295,0x3a295,9e)e)
0x0803a2d6,0x3a2d6,(Be)e)e)
0x0803a2ec,0x3a2ec,e)e)e)e)e)e)mk
0x0803a302,0x3a302,e)e)e)e)e)
0x0803a31d,0x3a31d,9e)e)mk
0x0803a352,0x3a352,e)e)e)e)
0x0803a36a,0x3a36a,e)e)e)e)
0x0803a37f,0x3a37f,Re)e)e)e)e)
0x0803a394,0x3a394,e)e)e)e)e)e)e)
0x0803a3a8,0x3a3a8,(Be)e)e)e)e)e)e)e)
0x0803a3bb,0x3a3bb,{mke)e)e)e)e)e)e)
0x0803a3d1,0x3a3d1,9e)e)e)e)
0x0803a3df,0x3a3df,{e)e)e)e)e)e)e)Y
0x0803a3f5,0x3a3f5,9e)e)mk
0x0803a406,0x3a406,e)e)e)e)e)
0x0803a42a,0x3a42a,e)e)e)e)e)
0x0803a446,0x3a446,e)mk
0x0803a44e,0x3a44e,e)e)4
0x0803a469,0x3a469,9e)Q
0x0803a470,0x3a470,(Be)
0x0803a48d,0x3a48d,Re)<
0x0803a4d2,0x3a4d2,e)mk
0x0803a514,0x3a514,(Be)
0x0803a55c,0x3a55c,(B(Be)
0x0803a581,0x3a581,9e)e)e)e)e)e)
0x0803a5a5,0x3a5a5,9e)e)e)e)e)e)Q
0x0803a5bc,0x3a5bc,e)e)
0x0803a5c8,0x3a5c8,e)e)e)e)e)e)e)
0x0803a5de,0x3a5de,e)e)e)
0x0803a5e9,0x3a5e9,Re)e)e)e)e)e)e)e)
0x0803a5ff,0x3a5ff,{e)e)e)e)e)e)e)e)e)e)e)
0x0803a618,0x3a618,e)e)e)e)e)e)e)e)e)e)e)e)e)e)e)e)
0x0803a63e,0x3a63e,e)e)e)e)e)e)e)e)e)e)e)e)e)e)e)
0x0803a6c6,0x3a6c6,(Be)e)e)e)e)e)e)e)e)e)e)e)e)
0x0803a6eb,0x3a6eb,ce)e)e)e)e)e)e)e)
0x0803a710,0x3a710,e)e)e)e)e)e)e)e)
0x0803a734,0x3a734,e)e)e)e)e)e)e)e)
0x0803a759,0x3a759,9e)e)e)e)e)e)e)e)Y
0x0803a77d,0x3a77d,Re)e)e)e)e)e)e)e)
0x0803a7a1,0x3a7a1,{e)e)e)e)e)e)e)e)mk
0x0803a7bb,0x3a7bb,{e)e)e)e)e)e)e)e)e)e)e)e)e)(B
0x0803a841,0x3a841,Re)e)e)e)e)e)e)e)e)e)e)e)e)e)e)
0x0803a865,0x3a865,9e)e)e)e)e)e)e)e)e)e)e)e)e)e)e)e)
0x0803a888,0x3a888,e)e)e)e)e)e)e)e)e)e)
0x0803a8a7,0x3a8a7,`e)e)e)e)e)e)e)e)e)
0x0803a8ca,0x3a8ca,e)e)e)e)e)e)e)
0x0803a8de,0x3a8de,$Ae)e)$AA
0x0803a8eb,0x3a8eb,pe)e)e)e)e)e)A
0x0803a8fc,0x3a8fc,E9E9
0x0803a904,0x3a904,E9$A
0x0803a90c,0x3a90c,e)e)e)e)e)e)
0x0803a92c,0x3a92c,e)e)e)e)e)e)
0x0803a94c,0x3a94c,e)e)e)e)e)e)a
0x0803a95c,0x3a95c,E9E9
0x0803a964,0x3a964,E9E9
0x0803a96c,0x3a96c,e)e)e)e)e)e)
0x0803a97e,0x3a97e,$Ae)e)$AA
0x0803a98b,0x3a98b,Ye)e)e)e)e)e)e)A
0x0803a9aa,0x3a9aa,e)e)e)e)e)e)e)e)$A
0x0803a9c8,0x3a9c8,$Ae)e)e)e)e)e)e)e)e)
0x0803a9e7,0x3a9e7,`e)e)e)e)e)e)e)e)e)e)e)
0x0803aa06,0x3aa06,e)e)e)e)e)e)e)e)e)e)e)e)e)A
0x0803aa24,0x3aa24,e)e)e)e)e)e)e)e)
0x0803aa40,0x3aa40,E9E9
0x0803aa4f,0x3aa4f,Ye)e)A
0x0803aab2,0x3aab2,e)e)e)e)e)C
0x0803aac8,0x3aac8,e)e)e)e)e)e)e)e)e)
0x0803aaea,0x3aaea,e)e)e)e)e)e)e)C
0x0803aaff,0x3aaff,"""e)e)"
0x0803ab0c,0x3ab0c,e)e)e)e)e)e)a
0x0803ab2c,0x3ab2c,e)e)e)e)e)e)`
0x0803ab4c,0x3ab4c,e)e)e)e)e)e)`
0x0803ab6c,0x3ab6c,e)e)e)e)e)e)
0x0803ab8c,0x3ab8c,e)e)e)e)e)e)
0x0803ab9f,0x3ab9f,"""e)e)"
0x0803abab,0x3abab,"""e)e)e)e)e)e)e)!"
0x0803abca,0x3abca,e)e)e)e)e)e)e)e)
0x0803abe9,0x3abe9,"""e)e)e)e)e)e)e)e)e)"
0x0803ac08,0x3ac08,"e)e)e)e)e)e)e)e)e)e)e)"""
0x0803ac26,0x3ac26,e)e)e)e)e)e)e)e)e)e)e)e)e)!
0x0803ac44,0x3ac44,e)e)e)e)e)e)e)e)
0x0803ac6f,0x3ac6f,"""e)e)!"
0x0803c582,0x3c582,<<<<<<<<<<<<
0x0803c5da,0x3c5da,3333333333330000
0x0803c652,0x3c652,??000000000000000000
0x0803c66c,0x3c66c,000000000000000000??
0x0803c716,0x3c716,??<<33<<33<<33<<33<<33<<33<<33<<33<<??
0x0803c740,0x3c740,??33??
0x0803c8d8,0x3c8d8,ooo```xxx
0x0803c9da,0x3c9da,~|<x
0x0803caa5,0x3caa5,66606604664
0x0803cf6b,0x3cf6b,MX=F
0x0803d264,0x3d264,xUW]K
0x0803ddea,0x3ddea,J*XE
0x0803dfb0,0x3dfb0,"j""t4"
0x0803e8b4,0x3e8b4,p+2<24243<3<2<2<3<3<
0x0803f13f,0x3f13f,"""X=="
0x080408a8,0x408a8,-CX]O
0x080408f5,0x408f5,5yMg
0x08041164,0x41164,"k""k"""
0x08041175,0x41175,$Y5_
0x08041525,0x41525,LWe&
0x080477c3,0x477c3,{mku
0x08049053,0x49053,+3<S<T<t<t<
0x0804906f,0x4906f,E7E8EXE
0x0804aa62,0x4aa62,7UxU'
0x0804cd0f,0x4cd0f,c(B 
0x0804e65d,0x4e65d,PA8 
0x08050c9f,0x50c9f,:jBF
0x08050d47,0x50d47,Bmkq
0x08050ed4,0x50ed4,1|Rtw
0x08051062,0x51062,oC7u
0x080512b0,0x512b0,yer#Q
0x080512b6,0x512b6,q#q#
0x08051364,0x51364,Q#ye
0x0805136c,0x5136c,}~<v54
0x080513f9,0x513f9,Bk2G
0x08051427,0x51427,v]~]~=v
0x080514c0,0x514c0,sd.3
0x080514e4,0x514e4,9U]v=n=n
0x080515ab,0x515ab,U6$6$V$
0x08051635,0x51635,*oCtd
0x0805166b,0x5166b,",V$V"
0x08051729,0x51729,",V$V$"
0x080517dc,0x517dc,V${E
0x080517e7,0x517e7,",V$V"
0x08051897,0x51897,$5$V$ZE
0x080518a3,0x518a3,Mw$V$V$
0x0805193d,0x5193d,D<~~~=vV4
0x08051958,0x51958,V${E
0x08051961,0x51961,Mw$V$V
0x080519fa,0x519fa,q#z]]~]v
0x08051a0b,0x51a0b,$5$V$V$V$V$w$
0x08051a1d,0x51a1d,U{EV$V$V$
0x08051ac7,0x51ac7,$6$V
0x08051ace,0x51ace,V$V$V
0x08051add,0x51add,5V$V$5$
0x08051b27,0x51b27,!mkmk
0x08051b7f,0x51b7f,U6$6$V$V
0x08051b88,0x51b88,V$V$V
0x08051b8e,0x51b8e,V$V$
0x08051b9b,0x51b9b,",V$U$"
0x08051c3f,0x51c3f,",V$V"
0x08051c57,0x51c57,Mw$V
0x08051cfb,0x51cfb,Mw$V$V$V$V$V$V$V$V${E
0x08051d15,0x51d15,=V$V$
0x08051db9,0x51db9,Mw$V$V$V$V$V$V$V$w$
0x08051dd1,0x51dd1,"Uv,5,"
0x08051e54,0x51e54,TD<v}
0x08051e6b,0x51e6b,$6$V$w$
0x08051e75,0x51e75,U{EV$V$V$V$V$V$V$V$
0x08051f15,0x51f15,L]~]v
0x08051f2c,0x51f2c,V$w$
0x08051f40,0x51f40,V$V$6$8e[
0x08051fdf,0x51fdf,$5$V
0x08051fe4,0x51fe4,V$V$V$V$
0x08051ff3,0x51ff3,",V$V$V$V$V$V$"
0x08052092,0x52092,YM=n
0x0805209b,0x5209b,$6$V$V$V
0x080520af,0x520af,Mw$V
0x080520b7,0x520b7,4p;E
0x08052157,0x52157,4V$V$V$V$V$V$V$V${E
0x080521f2,0x521f2,xm4D
0x080522d1,0x522d1,Uw$W$V$V$V$V$V$V$9M
0x0805236a,0x5236a,4Dym
0x08052388,0x52388,V${E
0x0805238d,0x5238d,U{EV$V
0x08052394,0x52394,"V$V,"
0x0805242d,0x5242d,L<~]~<vV4
0x0805243f,0x5243f,$5$V$V$w$
0x0805244d,0x5244d,4V$V$
0x080524ec,0x524ec,z]]v]n
0x080525ab,0x525ab,<=n=n:M
0x080525b5,0x525b5,$V$V$V$V$V$V$ZE
0x0805266f,0x5266f,46$V$V$V$V$
0x0805272d,0x5272d,",V$V$V$"
0x0805288a,0x5288a,]~9]
0x0805289f,0x5289f,$6${E
0x08052948,0x52948,~~]~
0x0805299e,0x5299e,e)iJ
0x08052acd,0x52acd,+/;F
0x08052e0e,0x52e0e,(B(B(B(B(B(B(B
0x08052e20,0x52e20,(B(B(B(B(B(B(B
0x08052e32,0x52e32,(B(B(B(BIJ(B(B
0x08052e45,0x52e45,R(B(B(B(B(B(B
0x08052e57,0x52e57,R(B(B(B(B
0x08052e6d,0x52e6d,"""IB)B(B"
0x08052e7a,0x52e7a,(BIJIJ(B(B(B
0x08052e8c,0x52e8c,(B(B(B(BIJIJ(B
0x08052e9e,0x52e9e,(B(B(B(B(B(B(B
0x08052eb0,0x52eb0,(B(B(B(B(B(B(B
0x080574e8,0x574e8,p35$6$6$6$6$6$6$6$6$6$6$6$6$V$:=
0x08057515,0x57515,",6$6$6$6$6$6$6$6$6$6$5$6$"
0x08057537,0x57537,",6$6$6$6$6$6$6$6$6$6$"
0x0805755f,0x5755f,4V$6$6$6$6$6$6$6$6$6$6$6$6$
0x080575e4,0x575e4,P35$6
0x0805760e,0x5760e,5$5$6
0x08057646,0x57646,5$5$6
0x08057771,0x57771,$P3B
0x080579e9,0x579e9,"$v,v,v,v,v,v,v,v,"
0x08057a1a,0x57a1a,"v4v,v,v,"
0x08057a3f,0x57a3f,"#v,v,v,V,"
0x08057af9,0x57af9,"m9M5,"
0x08057b1b,0x57b1b,"n=n=n9U5,"
0x08057be1,0x57be1,D]v]v]v]v]v]v]v]v]v]v]v]v
0x08057c0d,0x57c0d,n]v]v]v]v]v]v]v]v]v
0x08057c31,0x57c31,M]v]v]v]v]v=v]v]v]v]v
0x08057cdd,0x57cdd,L]~]~]~]~]~]~}~]~]~]~]~]~]~
0x08057d05,0x57d05,+}~]~]~]~]~]~]~}~]~]~]~]~U<Q
0x08057d2b,0x57d2b,L}~]~]~]~]~]~]~]~]~]~]~]~9]Q
0x08057e31,0x57e31,Uu<44
0x0805870d,0x5870d,Sslw
0x08058fa3,0x58fa3,|-[f
0x08058fcb,0x58fcb,kf!b
0x08058fe2,0x58fe2,I:1|
0x0805a040,0x5a040,xHHx
0x0805a25c,0x5a25c,None
0x0805a34b,0x5a34b,",[1K6"
0x0805a353,0x5a353,ADH~OqW/`
0x0805a362,0x5a362,GGAVTGZDATXT0123456789ABCDEF
0x0805a392,0x5a392,H=u+{=
0x0805a461,0x5a461,"g""?%"
0x0805a466,0x5a466,$?V6'?
0x0805a482,0x5a482,5?#:7?Bh9?;
0x0805a4b2,0x5a4b2,M? zO?=MQ?I
0x0805a4c6,0x5a4c6,V?SHX?j
0x0805a4d2,0x5a4d2,[?S-]?
0x0805a4da,0x5a4da,^?!F`?
0x0805a4e2,0x5a4e2,a?Z<c?Y
0x0805a4f1,0x5a4f1,kg?<
0x0805a4fd,0x5a4fd,Kk?^
0x0805a546,0x5a546,{?(;|?
0x0805a55d,0x5a55d,p~?m
0x0805a5a5,0x5a5a5,p~?#
0x0805a5b6,0x5a5b6,|?(;|?
0x0805a61a,0x5a61a,d?Z<c?
0x0805a622,0x5a622,a?!F`?
0x0805a62a,0x5a62a,^?S-]?
0x0805a636,0x5a636,Y?SHX?
0x0805a646,0x5a646,S?=MQ? zO?
0x0805a676,0x5a676,;?Bh9?#:7?
0x0805a68d,0x5a68d,;.?J
0x0805a696,0x5a696,)?V6'?%
0x0805a76b,0x5a76b,=u+{=.
0x0805ab84,0x5ab84,0123456789ABCDEF@0X
0x0805ab98,0x5ab98,0123456789abcdef@0x
0x0805ac21,0x5ac21,33333
0x0805ac49,0x5ac49,NEJ(~
0x0805ac4f,0x5ac4f,?>UUUUU
0x0805ac73,0x5ac73,ri7f>O
0x0805acd8,0x5acd8,"/lj,D"
0x0805ace1,0x5ace1,UUUUU
0x0805acef,0x5acef,?n L
0x0805ad02,0x5ad02,v$K{
0x0805ad0f,0x5ad0f,?LUUUUU
0x0805ad4f,0x5ad4f,?1cb
0x0805adef,0x5adef,'f?FO-
0x0805aecc,0x5aecc,Enroute   
0x0805aed8,0x5aed8,Special   
0x0805aee4,0x5aee4,Custom-0  
0x0805aef0,0x5aef0,Custom-1  
0x0805aefc,0x5aefc,Custom-2  
0x0805af08,0x5af08,Custom-3  
0x0805af14,0x5af14,Custom-4  
0x0805af20,0x5af20,Custom-5  
0x0805af2c,0x5af2c,Custom-6  
0x0805af38,0x5af38,Priority  
0x0805af44,0x5af44,Off duty  
0x0805af50,0x5af50,x120 
0x0805af58,0x5af58,x30 
0x0805af60,0x5af60,x60 
0x0805af68,0x5af68,x15 
0x0805af78,0x5af78,Committed 
0x0805af84,0x5af84,Returning 
0x0805af90,0x5af90,Emergency 
0x0805afa0,0x5afa0,@$%&
0x0805afac,0x5afac,()/\*# 0
0x0805afb8,0x5afb8,x240
0x0805afc0,0x5afc0,x960
0x0805afc8,0x5afc8,x480
0x0805afd0,0x5afd0,".,?!':1"
0x0805afdc,0x5afdc,ABC2
0x0805afe8,0x5afe8,DEF3
0x0805aff0,0x5aff0,GHI4
0x0805aff8,0x5aff8,JKL5
0x0805b000,0x5b000,MNO6
0x0805b008,0x5b008,PQRS7
0x0805b010,0x5b010,TUV8
0x0805b018,0x5b018,WXYZ9
0x0805b024,0x5b024, =+-_
0x0805b02c,0x5b02c,In Service
0x0805b038,0x5b038,20.0k
0x0805b040,0x5b040,25.0k
0x0805b048,0x5b048,5.00k
0x0805b050,0x5b050,8.33k
0x0805b058,0x5b058,12.5k
0x0805b060,0x5b060,6.25k
0x0805b088,0x5b088,bang
0x0805b090,0x5b090,cang
0x0805b098,0x5b098,chang
0x0805b0a0,0x5b0a0,chuang
0x0805b0ac,0x5b0ac,beng
0x0805b0b4,0x5b0b4,ceng
0x0805b0bc,0x5b0bc,cheng
0x0805b0c4,0x5b0c4,bing
0x0805b0cc,0x5b0cc,cong
0x0805b0d4,0x5b0d4,chong
0x0805b0e4,0x5b0e4,chai
0x0805b0ec,0x5b0ec,chuai
0x0805b10c,0x5b10c,chui
0x0805b11c,0x5b11c,chan
0x0805b124,0x5b124,bian
0x0805b12c,0x5b12c,cuan
0x0805b134,0x5b134,chuan
0x0805b148,0x5b148,chen
0x0805b158,0x5b158,chun
0x0805b168,0x5b168,chao
0x0805b170,0x5b170,biao
0x0805b184,0x5b184,chuo
0x0805b19c,0x5b19c,chou
0x0805b1bc,0x5b1bc,dang
0x0805b1c4,0x5b1c4,fang
0x0805b1cc,0x5b1cc,deng
0x0805b1d4,0x5b1d4,feng
0x0805b1dc,0x5b1dc,ding
0x0805b1e4,0x5b1e4,dong
0x0805b204,0x5b204,dian
0x0805b20c,0x5b20c,duan
0x0805b224,0x5b224,diao
0x0805b264,0x5b264,gang
0x0805b26c,0x5b26c,hang
0x0805b274,0x5b274,guang
0x0805b27c,0x5b27c,huang
0x0805b284,0x5b284,geng
0x0805b28c,0x5b28c,heng
0x0805b294,0x5b294,gong
0x0805b29c,0x5b29c,hong
0x0805b2ac,0x5b2ac,guai
0x0805b2b4,0x5b2b4,huai
0x0805b2d4,0x5b2d4,guan
0x0805b2dc,0x5b2dc,huan
0x0805b340,0x5b340,jiang
0x0805b348,0x5b348,liang
0x0805b350,0x5b350,kang
0x0805b358,0x5b358,lang
0x0805b360,0x5b360,kuang
0x0805b368,0x5b368,keng
0x0805b370,0x5b370,leng
0x0805b378,0x5b378,jing
0x0805b380,0x5b380,jiong
0x0805b388,0x5b388,kong
0x0805b390,0x5b390,long
0x0805b3a0,0x5b3a0,kuai
0x0805b3b8,0x5b3b8,jian
0x0805b3c0,0x5b3c0,lian
0x0805b3d0,0x5b3d0,juan
0x0805b3d8,0x5b3d8,kuan
0x0805b3e0,0x5b3e0,luan
0x0805b400,0x5b400,jiao
0x0805b408,0x5b408,liao
0x0805b45c,0x5b45c,niang
0x0805b464,0x5b464,mang
0x0805b46c,0x5b46c,nang
0x0805b474,0x5b474,meng
0x0805b47c,0x5b47c,neng
0x0805b484,0x5b484,ming
0x0805b48c,0x5b48c,ning
0x0805b494,0x5b494,nong
0x0805b4b4,0x5b4b4,mian
0x0805b4bc,0x5b4bc,nian
0x0805b4cc,0x5b4cc,nuan
0x0805b4e4,0x5b4e4,miao
0x0805b4ec,0x5b4ec,niao
0x0805b534,0x5b534,shua
0x0805b554,0x5b554,shang
0x0805b55c,0x5b55c,qiang
0x0805b564,0x5b564,pang
0x0805b56c,0x5b56c,rang
0x0805b574,0x5b574,sang
0x0805b57c,0x5b57c,shuang
0x0805b584,0x5b584,sheng
0x0805b58c,0x5b58c,peng
0x0805b594,0x5b594,reng
0x0805b59c,0x5b59c,seng
0x0805b5a4,0x5b5a4,ping
0x0805b5ac,0x5b5ac,qing
0x0805b5b4,0x5b5b4,qiong
0x0805b5bc,0x5b5bc,rong
0x0805b5c4,0x5b5c4,song
0x0805b5cc,0x5b5cc,shai
0x0805b5dc,0x5b5dc,shuai
0x0805b5fc,0x5b5fc,shui
0x0805b60c,0x5b60c,shan
0x0805b614,0x5b614,pian
0x0805b61c,0x5b61c,qian
0x0805b630,0x5b630,shuan
0x0805b638,0x5b638,quan
0x0805b640,0x5b640,ruan
0x0805b648,0x5b648,suan
0x0805b650,0x5b650,shen
0x0805b66c,0x5b66c,shun
0x0805b680,0x5b680,shao
0x0805b688,0x5b688,piao
0x0805b690,0x5b690,qiao
0x0805b6a8,0x5b6a8,shuo
0x0805b6c0,0x5b6c0,shou
0x0805b6f0,0x5b6f0,tang
0x0805b6f8,0x5b6f8,teng
0x0805b700,0x5b700,ting
0x0805b708,0x5b708,tong
0x0805b71c,0x5b71c,tian
0x0805b728,0x5b728,tuan
0x0805b734,0x5b734,tiao
0x0805b754,0x5b754,zhua
0x0805b780,0x5b780,zhang
0x0805b788,0x5b788,xiang
0x0805b790,0x5b790,zhuang
0x0805b798,0x5b798,wang
0x0805b7a0,0x5b7a0,yang
0x0805b7a8,0x5b7a8,zang
0x0805b7b0,0x5b7b0,zheng
0x0805b7b8,0x5b7b8,weng
0x0805b7c0,0x5b7c0,zeng
0x0805b7c8,0x5b7c8,xing
0x0805b7d0,0x5b7d0,ying
0x0805b7d8,0x5b7d8,zhong
0x0805b7e0,0x5b7e0,xiong
0x0805b7e8,0x5b7e8,yong
0x0805b7f0,0x5b7f0,zong
0x0805b7f8,0x5b7f8,zhai
0x0805b800,0x5b800,zhuai
0x0805b81c,0x5b81c,zhui
0x0805b834,0x5b834,zhan
0x0805b83c,0x5b83c,xian
0x0805b844,0x5b844,zhuan
0x0805b84c,0x5b84c,xuan
0x0805b854,0x5b854,yuan
0x0805b85c,0x5b85c,zuan
0x0805b870,0x5b870,zhen
0x0805b888,0x5b888,zhun
0x0805b89c,0x5b89c,zhao
0x0805b8a4,0x5b8a4,xiao
0x0805b8b4,0x5b8b4,zhuo
0x0805b8d0,0x5b8d0,zhou
0x0805b8f1,0x5b8f1, Edit Callsign
0x0805b919,0x5b919, Edit Digi1 Path
0x0805b92e,0x5b92e,  SSID
0x0805b93a,0x5b93a, SSID
0x0805b945,0x5b945, Path Choose
0x0805b961,0x5b961, Fixed position
0x0805b985,0x5b985, Degrees
0x0805b999,0x5b999, Minute
0x0805b9ad,0x5b9ad, Second
0x0805b9c1,0x5b9c1, Longitude WE Set
0x0805b9e5,0x5b9e5, Latitude NS Set
0x0805ba09,0x5ba09, Fixed altitude
0x0805ba29,0x5ba29, Set Longitude
0x0805ba39,0x5ba39, Set Latitude
0x0805ba61,0x5ba61, Send Message
0x0805ba7d,0x5ba7d, Message Edit
0x0805ba99,0x5ba99, Stations Symbol
0x0805baba,0x5baba,  Slect Icon
0x0805bad5,0x5bad5, MIC-E Type
0x0805bae5,0x5bae5, MIC-E
0x0805bb01,0x5bb01, Digi1 SSID
0x0805bb11,0x5bb11, Digi2 SSID
0x0805bb26,0x5bb26,1SSID
0x0805bb32,0x5bb32,2SSID
0x0805bb39,0x5bb39, Digi1 Path
0x0805bb49,0x5bb49, Digi2 Path
0x0805bb59,0x5bb59, SSID
0x0805bb61,0x5bb61, Message
0x0805bb6d,0x5bb6d, User Path
0x0805bb79,0x5bb79, Callsign
0x0805bb85,0x5bb85, Source Position
0x0805bb99,0x5bb99, My Position
0x0805bba9,0x5bba9, Custom Icons
0x0805bc09,0x5bc09, Beacon Type
0x0805bc25,0x5bc25, Timing Time
0x0805bc41,0x5bc41, DIGI CH
0x0805bc4d,0x5bc4d, DIGI 
0x0805bc5d,0x5bc5d, Routing
0x0805bc79,0x5bc79, DIGI Tx Wait
0x0805bc99,0x5bc99, APRS CH
0x0805bca5,0x5bca5, APRS
0x0805bcb1,0x5bcb1, APRS Tx Delay
0x0805bcd1,0x5bcd1, APRS Mute
0x0805bcdd,0x5bcdd, APRS
0x0805bced,0x5bced, APRS Ringer
0x0805bcfd,0x5bcfd, APRS
0x0805bd0d,0x5bd0d, RX Popup
0x0805bd29,0x5bd29, RX Popup Time
0x0805bd49,0x5bd49, TNC Type
0x0805bd55,0x5bd55, TNC
0x0805bd65,0x5bd65, Reporting APP
0x0805bd86,0x5bd86, Sure to Reset?
0x0805bda9,0x5bda9, Factory Setting
0x0805bdbd,0x5bdbd, RX Beacon Clear
0x0805bdf1,0x5bdf1, APRS ON/OFF
0x0805be01,0x5be01, APRS
0x0805be0d,0x5be0d, GPS
0x0805be15,0x5be15, GPS
0x0805be21,0x5be21, Position
0x0805be3d,0x5be3d, Time Zone
0x0805be55,0x5be55, Half Hour Time Zone
0x0805be7d,0x5be7d, Distance Unit
0x0805be99,0x5be99, Altitude Unit
0x0805beb5,0x5beb5, Speed Unit
0x0805bed1,0x5bed1, Advanced
0x0805bedd,0x5bedd, Repeater Setting
0x0805bef1,0x5bef1, Beacon Setup
0x0805bf01,0x5bf01, Beacon List
0x0805bf11,0x5bf11, GPS
0x0805bf4d,0x5bf4d, Language
0x0805bf64,0x5bf64,Sure to Reset?
0x0805bf82,0x5bf82, Reset
0x0805bf99,0x5bf99, VFO Mode
0x0805bfa5,0x5bfa5, Reset All
0x0805bfc5,0x5bfc5, CH-Edit Name
0x0805bfe5,0x5bfe5, CH-Memory
0x0805bffd,0x5bffd, CH-Delete
0x0805c015,0x5c015, MDF-A
0x0805c02d,0x5c02d, MDF-B
0x0805c045,0x5c045, MDF-C
0x0805c05d,0x5c05d, Step
0x0805c071,0x5c071, Direction
0x0805c089,0x5c089, Offset
0x0805c0a1,0x5c0a1, RX Modulation
0x0805c0c1,0x5c0c1, VFO Scan Range
0x0805c0e1,0x5c0e1, Scan Add
0x0805c0f9,0x5c0f9, RX CTCSS
0x0805c115,0x5c115, RX DCS
0x0805c131,0x5c131, TX DCS
0x0805c14d,0x5c14d, TX CTCSS
0x0805c169,0x5c169, FHSS CODE
0x0805c181,0x5c181, Encryption
0x0805c199,0x5c199, DCS
0x0805c1a1,0x5c1a1, CTCSS
0x0805c1c1,0x5c1c1, Scan Memory
0x0805c1e1,0x5c1e1, CTCSS DCS
0x0805c1ed,0x5c1ed, Scan SubCode
0x0805c21d,0x5c21d, TAIL
0x0805c231,0x5c231, Battery Save
0x0805c24d,0x5c24d, Standby Set
0x0805c269,0x5c269, SOS Mode
0x0805c275,0x5c275, SOS
0x0805c281,0x5c281, Scan Mode
0x0805c299,0x5c299, Back Light
0x0805c2b5,0x5c2b5, Beep Prompt
0x0805c2d1,0x5c2d1, Voice
0x0805c2e5,0x5c2e5, Menu OutTime
0x0805c305,0x5c305, Keypad Lock
0x0805c325,0x5c325, Power On Display
0x0805c345,0x5c345, Breath Led
0x0805c361,0x5c361, Power Dly Time
0x0805c385,0x5c385, NOAA Alert
0x0805c395,0x5c395, NOAA
0x0805c3a1,0x5c3a1, SQL
0x0805c3b5,0x5c3b5, Busy Lockout
0x0805c3d1,0x5c3d1, Trans Power
0x0805c3ed,0x5c3ed, Bandwidth
0x0805c405,0x5c405, TOT
0x0805c419,0x5c419, RP-STE
0x0805c439,0x5c439, RPT-RL
0x0805c459,0x5c459, R-TONE
0x0805c475,0x5c475, S-CODE
0x0805c48d,0x5c48d, PTT-ID
0x0805c499,0x5c499, DTMF
0x0805c4a5,0x5c4a5, DTMFST
0x0805c4bd,0x5c4bd, ROGER
0x0805c4d9,0x5c4d9, PF1
0x0805c4ed,0x5c4ed, Long Press PF1
0x0805c50d,0x5c50d, PF2
0x0805c521,0x5c521, Long Press PF2
0x0805c551,0x5c551, [0] Long Press
0x0805c575,0x5c575, [1] Long Press
0x0805c599,0x5c599, [2] Long Press
0x0805c5bd,0x5c5bd, [3] Long Press
0x0805c5e1,0x5c5e1, [4] Long Press
0x0805c605,0x5c605, [5] Long Press
0x0805c629,0x5c629, [6] Long Press
0x0805c64d,0x5c64d, [7] Long Press
0x0805c671,0x5c671, [8] Long Press
0x0805c695,0x5c695, [9] Long Press
0x0805c6a9,0x5c6a9, VOX Delay
0x0805c6c1,0x5c6c1, VOX Level
0x0805c6d9,0x5c6d9, VOX Switch
0x0805c6f5,0x5c6f5, Scramble
0x0805c70d,0x5c70d, Cross Band Repeat
0x0805c731,0x5c731, RPT-Speaker
0x0805c74d,0x5c74d, Work Band
0x0805c765,0x5c765, Mic Gain
0x0805c781,0x5c781, Radio Interrupt
0x0805c7a5,0x5c7a5, Single Ptt Mode
0x0805c7c5,0x5c7c5, DTMF PTT Delay
0x0805c7d9,0x5c7d9, DTMF
0x0805c7e9,0x5c7e9, DTMF On Time
0x0805c7f9,0x5c7f9, DTMF
0x0805c80d,0x5c80d, DTMF Off Time
0x0805c81d,0x5c81d, DTMF
0x0805c832,0x5c832, Zone
0x0805c841,0x5c841, Zone Or Channel
0x0805c865,0x5c865, Zone Select
0x0805c881,0x5c881, Bluetooth
0x0805c89a,0x5c89a, VFO & CH
0x0805c8a6,0x5c8a6, CTCSS DCS
0x0805c8b6,0x5c8b6, VOX
0x0805c8be,0x5c8be, Signaling
0x0805c8ce,0x5c8ce, Setting
0x0805c8da,0x5c8da, Bluetooth
0x0805c8ea,0x5c8ea, APRS Set
0x0805c8f6,0x5c8f6, Radio Set
0x0805c906,0x5c906, About
0x0805c910,0x5c910,Menu
0x0805c91a,0x5c91a, User Key
0x0805c94e,0x5c94e, APRS 
0x0805c9ad,0x5c9ad,.Work Band
0x0805c9c5,0x5c9c5,.FM Memery-CH
0x0805c9e1,0x5c9e1,.Modulation
0x0805c9fd,0x5c9fd,.Frequency Step
0x0805ca1d,0x5ca1d,.Bandwidth
0x0805ca35,0x5ca35,.LNA
0x0805ca49,0x5ca49,.BFO
0x0805ca5d,0x5ca5d,.FM Backlight
0x0805ca89,0x5ca89, Temp Scan List
0x0805caac,0x5caac,KISS(BLE)
0x0805cab8,0x5cab8,House QTH(VHF)
0x0805cac8,0x5cac8,KISS(UART)
0x0805cad4,0x5cad4,Truck(18Wheel)
0x0805cae4,0x5cae4,X-APRS(Unix)
0x0805caf4,0x5caf4,CHANNEL NUM.
0x0805cb04,0x5cb04,UTC-0
0x0805cb0c,0x5cb0c,TONE1200
0x0805cb18,0x5cb18,UTC+10
0x0805cb20,0x5cb20,UTC-10
0x0805cb28,0x5cb28,Level 1
0x0805cb30,0x5cb30,UTC+1
0x0805cb38,0x5cb38,WIDE1-1
0x0805cb40,0x5cb40,"WIDE1-1,WIDE2-1"
0x0805cb50,0x5cb50,UTC-1
0x0805cb58,0x5cb58,UTC+11
0x0805cb60,0x5cb60,UTC-11
0x0805cb68,0x5cb68,WIDE1
0x0805cb70,0x5cb70,PATH1
0x0805cb78,0x5cb78,Type1
0x0805cb80,0x5cb80,Level 2
0x0805cb88,0x5cb88,UTC+2
0x0805cb90,0x5cb90,UTC-2
0x0805cb98,0x5cb98,UTC+12
0x0805cba0,0x5cba0,UTC-12
0x0805cba8,0x5cba8,"WIDE1,WIDE2"
0x0805cbb4,0x5cbb4,"PATH1,PATH2"
0x0805cbc0,0x5cbc0,PATH2
0x0805cbc8,0x5cbc8,Type2
0x0805cbd0,0x5cbd0,Level 3
0x0805cbd8,0x5cbd8,UTC+3
0x0805cbe0,0x5cbe0,UTC-3
0x0805cbe8,0x5cbe8,UTC+13
0x0805cbf0,0x5cbf0,Type3
0x0805cbf8,0x5cbf8,Level 4
0x0805cc00,0x5cc00,UTC+4
0x0805cc08,0x5cc08,UTC-4
0x0805cc10,0x5cc10,UTC+14
0x0805cc18,0x5cc18,Level 5
0x0805cc20,0x5cc20,UTC+5
0x0805cc28,0x5cc28,UTC-5
0x0805cc30,0x5cc30,Level 6
0x0805cc38,0x5cc38,UTC+6
0x0805cc40,0x5cc40,UTC-6
0x0805cc48,0x5cc48,Level 7
0x0805cc50,0x5cc50,UTC+7
0x0805cc58,0x5cc58,UTC-7
0x0805cc60,0x5cc60,Level 8
0x0805cc68,0x5cc68,UTC+8
0x0805cc70,0x5cc70,UTC-8
0x0805cc78,0x5cc78,Level 9
0x0805cc80,0x5cc80,UTC+9
0x0805cc88,0x5cc88,UTC-9
0x0805cc90,0x5cc90,CH/VFO A
0x0805cc9c,0x5cc9c,NOAA
0x0805cca4,0x5cca4,IOTA
0x0805ccac,0x5ccac,CH/VFO B
0x0805ccc0,0x5ccc0,CH/VFO C
0x0805ccd0,0x5ccd0,PTTC
0x0805ccd8,0x5ccd8,VOLTAGE
0x0805cce0,0x5cce0,NAME
0x0805cce8,0x5cce8,NONE
0x0805ccf0,0x5ccf0,PICTURE
0x0805cd00,0x5cd00,SQUELCH
0x0805cd08,0x5cd08,SEARCH
0x0805cd10,0x5cd10,GPS SWITCH
0x0805cd1c,0x5cd1c,APRS SWITCH
0x0805cd2c,0x5cd2c,BOTH
0x0805cd34,0x5cd34,BLUETOOTH
0x0805cd40,0x5cd40,Yagi@QTH
0x0805cd4c,0x5cd4c,DT+ANI
0x0805cd54,0x5cd54,MONI
0x0805cd5c,0x5cd5c,1.0K
0x0805cd64,0x5cd64,3.0K
0x0805cd6c,0x5cd6c,4.0K
0x0805cd74,0x5cd74,1000K
0x0805cd7c,0x5cd7c,100K
0x0805cd84,0x5cd84,500K
0x0805cd94,0x5cd94,1.2K
0x0805cd9c,0x5cd9c,2.2K
0x0805cda4,0x5cda4,0.5K
0x0805cdb0,0x5cdb0,MAIL
0x0805cdc8,0x5cdc8,SPECTRUM
0x0805cdd4,0x5cdd4,SCAN
0x0805cddc,0x5cddc,RX MODULATION
0x0805cdf4,0x5cdf4,RADIO
0x0805cdfc,0x5cdfc,BEEP
0x0805ce04,0x5ce04,FREQ STEP
0x0805ce10,0x5ce10,TCP/IP
0x0805ce18,0x5ce18,DECODER
0x0805ce20,0x5ce20,ENCODER
0x0805ce28,0x5ce28,TRANSFER
0x0805ce34,0x5ce34,ROGER
0x0805ce3c,0x5ce3c,TX POWER
0x0805ce48,0x5ce48,FREQ DIR
0x0805ce80,0x5ce80,CTCSS DCS
0x0805ce90,0x5ce90,MacAPRS
0x0805ce98,0x5ce98,WinAPRS
0x0805cea0,0x5cea0,APRS
0x0805ceac,0x5ceac,ZONE SELECT
0x0805ceb8,0x5ceb8,STANDBY SET
0x0805cec4,0x5cec4,FREQ OFFSET
0x0805ced8,0x5ced8,SCAN QT
0x0805cee0,0x5cee0,ANI-ST
0x0805cee8,0x5cee8,DT-ST
0x0805cef0,0x5cef0,TEMPORARY SCAN LIST
0x0805cf08,0x5cf08,SSTV
0x0805cf1c,0x5cf1c,TONE TX
0x0805cf24,0x5cf24,Beacon TX
0x0805cf30,0x5cf30,EMERGENCY
0x0805cf3c,0x5cf3c,FREQUENCY
0x0805cf48,0x5cf48,CH-MEMORY
0x0805cf54,0x5cf54,"[/""]"
0x0805cf5c,0x5cf5c,[/0]
0x0805cf64,0x5cf64,[/1]
0x0805cf6c,0x5cf6c,[/2]
0x0805cf74,0x5cf74,[/3]
0x0805cf7c,0x5cf7c,[/4]
0x0805cf84,0x5cf84,[/5]
0x0805cf8c,0x5cf8c,[/6]
0x0805cf94,0x5cf94,[/7]
0x0805cf9c,0x5cf9c,[/8]
0x0805cfa4,0x5cfa4,[/9]
0x0805cfac,0x5cfac,[/D]
0x0805cfb4,0x5cfb4,[/I]
0x0805cfbc,0x5cfbc,[/J]
0x0805cfc4,0x5cfc4,[/Q]
0x0805cfcc,0x5cfcc,[/q]
0x0805cfd4,0x5cfd4,[/z]
0x0805cfdc,0x5cfdc,[/{]
0x0805cfe4,0x5cfe4,[/}]
0x0805cfec,0x5cfec,[/~]
0x0805cff4,0x5cff4,Dish Antenna
0x0805d004,0x5d004,30sec
0x0805d00c,0x5d00c,15sec
0x0805d014,0x5d014,Railroad
0x0805d024,0x5d024,USER User-defined
0x0805d038,0x5d038,Committed
0x0805d044,0x5d044,LW Band
0x0805d04c,0x5d04c,MW Band
0x0805d054,0x5d054,SW Band
0x0805d05c,0x5d05c,Degrees And Minute And Second
0x0805d07c,0x5d07c,Send Sound
0x0805d088,0x5d088,Campground
0x0805d094,0x5d094,Police
0x0805d09c,0x5d09c,Ambulance
0x0805d0a8,0x5d0a8,Wide
0x0805d0b0,0x5d0b0,Send Code
0x0805d0bc,0x5d0bc,Zone Mode
0x0805d0c8,0x5d0c8,Node
0x0805d0d0,0x5d0d0,[/R] Vehicle
0x0805d0e0,0x5d0e0,Farm Vehicle
0x0805d0f0,0x5d0f0,REC.Vehicle
0x0805d0fc,0x5d0fc,[/b] Bicycle
0x0805d10c,0x5d10c,Motorcycle
0x0805d118,0x5d118,Middle
0x0805d120,0x5d120,Triangle
0x0805d12c,0x5d12c,Sea Mile
0x0805d138,0x5d138,Snowmobile
0x0805d144,0x5d144,[/[] People
0x0805d150,0x5d150,Space Shuttle
0x0805d160,0x5d160,Time
0x0805d168,0x5d168,None
0x0805d170,0x5d170,Phone
0x0805d178,0x5d178,Canoe
0x0805d180,0x5d180,Grid Square
0x0805d18c,0x5d18c,Fire
0x0805d194,0x5d194,HC Future
0x0805d1a0,0x5d1a0,Horse
0x0805d1a8,0x5d1a8,Delete
0x0805d1b0,0x5d1b0,NWS Site
0x0805d1bc,0x5d1bc,On Site
0x0805d1c4,0x5d1c4,Mobile Satellite
0x0805d1d8,0x5d1d8,Degrees And Minute
0x0805d1ec,0x5d1ec,Enroute
0x0805d1f4,0x5d1f4,Returning
0x0805d200,0x5d200,Km/h
0x0805d208,0x5d208,Search
0x0805d210,0x5d210,High
0x0805d218,0x5d218,English
0x0805d220,0x5d220,Both
0x0805d228,0x5d228,Digi
0x0805d230,0x5d230,Fire Truck
0x0805d23c,0x5d23c,Truck
0x0805d244,0x5d244,Special
0x0805d24c,0x5d24c,Normal
0x0805d254,0x5d254,Hospital
0x0805d260,0x5d260,Full Channel
0x0805d270,0x5d270,Hotel
0x0805d278,0x5d278,Call
0x0805d280,0x5d280,Eyeball
0x0805d288,0x5d288,School
0x0805d298,0x5d298,10min
0x0805d2a0,0x5d2a0,20min
0x0805d2a8,0x5d2a8,30min
0x0805d2b0,0x5d2b0,60min
0x0805d2b8,0x5d2b8,1min
0x0805d2c0,0x5d2c0,2min
0x0805d2c8,0x5d2c8,3min
0x0805d2d0,0x5d2d0,15min
0x0805d2d8,0x5d2d8,5min
0x0805d2e0,0x5d2e0,Timing Beacon
0x0805d2f0,0x5d2f0,Manual Beacon
0x0805d300,0x5d300,Smart Beacon
0x0805d310,0x5d310,NTS Station
0x0805d31c,0x5d31c,WX Station
0x0805d328,0x5d328,Aid Station
0x0805d334,0x5d334,Water Station
0x0805d344,0x5d344,GPS Position
0x0805d354,0x5d354,Fixed Position
0x0805d364,0x5d364,Balloon
0x0805d36c,0x5d36c,Deep
0x0805d374,0x5d374,Jeep
0x0805d37c,0x5d37c,Ship
0x0805d384,0x5d384,Truck Stop
0x0805d390,0x5d390,Laptop
0x0805d398,0x5d398,[/>] Car
0x0805d3a4,0x5d3a4,Glider
0x0805d3ac,0x5d3ac,Carrier
0x0805d3b4,0x5d3b4,Super
0x0805d3bc,0x5d3bc,PC user
0x0805d3c4,0x5d3c4,Repeater
0x0805d3d0,0x5d3d0,Meter
0x0805d3d8,0x5d3d8,Helicopter
0x0805d3e4,0x5d3e4,DX Cluster
0x0805d3f0,0x5d3f0,Rover
0x0805d3f8,0x5d3f8,File Server
0x0805d404,0x5d404,Wheelchair
0x0805d410,0x5d410,Degrees
0x0805d418,0x5d418,1000ms
0x0805d420,0x5d420,100ms
0x0805d428,0x5d428,200ms
0x0805d430,0x5d430,300ms
0x0805d438,0x5d438,400ms
0x0805d440,0x5d440,500ms
0x0805d448,0x5d448,150ms
0x0805d450,0x5d450,250ms
0x0805d458,0x5d458,750ms
0x0805d460,0x5d460,Red Cross
0x0805d46c,0x5d46c,Boy Scouts
0x0805d47c,0x5d47c,Plus
0x0805d484,0x5d484,Minus
0x0805d48c,0x5d48c,S-Aricraft
0x0805d498,0x5d498,Aircraft
0x0805d4a4,0x5d4a4,Yacht
0x0805d4ac,0x5d4ac,Red Dot
0x0805d4b4,0x5d4b4,Foot
0x0805d4bc,0x5d4bc,Fire dept
0x0805d4c8,0x5d4c8,Command Post
0x0805d4dc,0x5d4dc,Narrow
0x0805d4ec,0x5d4ec,HF Gateway
0x0805d4f8,0x5d4f8,Priority
0x0805d504,0x5d504,Off duty
0x0805d510,0x5d510,100Hz
0x0805d518,0x5d518,500Hz
0x0805d520,0x5d520,10Hz
0x0805d528,0x5d528,50Hz
0x0805d530,0x5d530,100.0 KHz
0x0805d53c,0x5d53c,10.0 KHz
0x0805d548,0x5d548,20.0 KHz
0x0805d554,0x5d554,50.0 KHz
0x0805d560,0x5d560,25.0 KHz
0x0805d56c,0x5d56c,5.0 KHz
0x0805d574,0x5d574,8.33 KHz
0x0805d580,0x5d580,12.5 KHz
0x0805d58c,0x5d58c,2.5 KHz
0x0805d594,0x5d594,6.25 KHz
0x0805d5a0,0x5d5a0,1KHz
0x0805d5a8,0x5d5a8,18-64MHz
0x0805d5b4,0x5d5b4,64-999MHz
0x0805d5c0,0x5d5c0, 1000hz
0x0805d5c8,0x5d5c8, 2100hz
0x0805d5d0,0x5d5d0, 1450hz
0x0805d5d8,0x5d5d8, 1750hz
0x0805d650,0x5d650,[/R] 
0x0805d65c,0x5d65c,[/b] 
0x0805d668,0x5d668,[/>] 
0x0805d784,0x5d784,[/[] 
0x0805d7b4,0x5d7b4,GPS 
0x0805d7c0,0x5d7c0,APRS 
0x0805d7f8,0x5d7f8,USER 
0x0805d988,0x5d988, 1K 
0x0805d990,0x5d990, 5K 
0x0805d998,0x5d998, 9K 
0x0805d9a0,0x5d9a0, 1M 
0x0805d9c0,0x5d9c0, 10K
0x0805d9c8,0x5d9c8,Devices Empty!
0x0805d9e4,0x5d9e4,Ver1.00
0x0805d9ec,0x5d9ec,Ver0.29
0x0805d9f4,0x5d9f4,Hardware:
0x0805da00,0x5da00,Software:
0x0805da0c,0x5da0c,CallSign:
0x0805da6d,0x5da6d,@@@@@@@@@AAAAA@@@@@@@@@@@@@@@@@@
0x0805da9d,0x5da9d,          
0x0805dbac,0x5dbac,Y[]_acfikjW
0x0805dbc3,0x5dbc3,2?4&&*+82
0x0805dda0,0x5dda0, )|i
0x0805de76,0x5de76,$@) )x
0x0805df09,0x5df09,Ti`)
0x0805dffe,0x5dffe,*0{[
0x0805e044,0x5e044,0%+bPD)
0x0805e06c,0x5e06c,j{jt
0x0805e09b,0x5e09b,~W(ORY
0x0805e153,0x5e153,U.'xa.5
0x0805e169,0x5e169,hZ:z{
0x0805e1a4,0x5e1a4,SLVxMc
0x0805e1bc,0x5e1bc,K/O'e>
0x0805e1d6,0x5e1d6,x-:5<h
0x0805e26f,0x5e26f,x#$}5
0x0805e27a,0x5e27a,"\g#4Q"""
0x0805e2c6,0x5e2c6,ovLPc
0x0805e2ec,0x5e2ec,v{dt
0x0805e300,0x5e300,+X>~
0x0805e314,0x5e314,4k2DV
