index,label,fmFreq,fmName,amFreq,amName,ssbFreq,ssbBandwidth,ssbBeatFreqOffset,ssbName,notes
0,Cur Freq,,,,,,,,,"Row 0 is the Cur Freq row. FM frequency is MHz, for example 99.50. AM and SSB frequencies are KHz."
1,1,,,,,,,,,Use index 1 for memory channel 1. Keep names short for radio display compatibility.
2,2,,,,,,,,,Blank cells are ignored and keep the current radio value. Use <blank> to intentionally clear a field.
3,3,,,,,,,,,ssbBandwidth and ssbBeatFreqOffset are raw radio values; leave them blank or unchanged unless you know the value.
4,4,,,,,,,,,
5,5,,,,,,,,,
6,6,,,,,,,,,
7,7,,,,,,,,,
8,8,,,,,,,,,
9,9,,,,,,,,,
10,10,,,,,,,,,
11,11,,,,,,,,,
12,12,,,,,,,,,
13,13,,,,,,,,,
14,14,,,,,,,,,
15,15,,,,,,,,,
